Hero,Facet,D2PT Rating,Matches,WR,Most Played Build WR,Contest Rate,Radiant,Dire,Expert,1st Phase,2nd Phase,Lastpick,Lane,Lane Adv,Stage Trend,NW@10,Role
Clinkz,No Facet,3549,10951,54.8,55.7,67.6,58.3,51.1,60.8,54.6,54.8,54.9,49% 42% 10%,7.0,MidLateLate+61.1%49.0%55.8%29412471191,"{'main': 4331, 'range_min': 3725, 'range_max': 4937}",pos 1
Shadow Fiend,No Facet,3147,4164,51.5,52.1,37.6,55.1,47.6,54.8,48.9,51.3,53.2,40% 44% 15%,4.4,MidLateLate+61.3%46.0%48.1%77520443,"{'main': 4240, 'range_min': 3517, 'range_max': 4963}",pos 1
Juggernaut,No Facet,3107,7586,50.6,51.9,36.1,54.9,46.2,57.7,54.6,50.2,50.6,34% 48% 18%,3.0,MidLateLate+50.9%50.7%52.4%1641018893,"{'main': 4189, 'range_min': 3539, 'range_max': 4839}",pos 1
Ursa,No Facet,3095,6376,50.5,51.6,36.4,54.0,47.2,55.4,55.2,50.6,50.2,36% 45% 19%,3.1,MidLateLate+52.7%53.0%49.4%166691734,"{'main': 4135, 'range_min': 3434, 'range_max': 4836}",pos 1
Naga Siren,No Facet,3074,757,56.0,54.9,6.9,57.0,55.0,68.2,59.1,55.9,55.9,21% 59% 19%,-0.6,MidLateLate+54.8%63.3%53.3%158479,"{'main': 3988, 'range_min': 3401, 'range_max': 4575}",pos 1
Weaver,No Facet,3073,2972,51.1,50.9,28.5,56.1,46.3,57.6,49.3,52.0,49.7,41% 47% 12%,5.3,MidLateLate+50.4%54.4%57.1%98407423,"{'main': 4195, 'range_min': 3565, 'range_max': 4825}",pos 1
Meepo,No Facet,3047,257,59.1,56.9,20.9,57.3,61.1,80.0,60.0,56.6,63.0,45% 46% 9%,6.3,MidLateLate+78.3%43.6%100.0%44639,"{'main': 4330, 'range_min': 3718, 'range_max': 4942}",pos 1
Spectre,No Facet,3037,4773,51.4,55.9,20.5,55.0,48.0,58.8,51.9,50.8,53.3,22% 49% 29%,-1.4,MidLateLate+40.3%59.8%52.2%161571655,"{'main': 3784, 'range_min': 3176, 'range_max': 4392}",pos 1
Broodmother,No Facet,3032,1692,57.5,60.4,34.2,62.1,52.7,69.7,64.9,56.7,57.9,22% 48% 30%,-1.1,MidLateLate+62.8%43.5%43.3%30180108,"{'main': 3978, 'range_min': 3192, 'range_max': 4764}",pos 1
Drow Ranger,No Facet,3026,6767,50.9,50.8,29.4,55.0,46.7,57.9,51.0,51.5,49.7,41% 44% 15%,5.1,MidLateLate+51.6%50.7%47.6%166657674,"{'main': 4098, 'range_min': 3421, 'range_max': 4775}",pos 1
Templar Assassin,No Facet,3025,2894,52.8,52.7,15.1,54.7,50.7,59.8,41.9,53.5,52.0,35% 50% 15%,3.4,MidLateLate+56.1%50.6%36.7%60346342,"{'main': 4237, 'range_min': 3638, 'range_max': 4836}",pos 1
Pudge,No Facet,3011,551,56.6,55.8,89.7,59.9,53.3,90.0,54.8,63.0,49.1,48% 38% 14%,6.1,MidLateLate+59.6%50.7%50.0%205267,"{'main': 4165, 'range_min': 3385, 'range_max': 4945}",pos 1
Luna,No Facet,3000,3351,49.7,50.5,10.6,53.5,46.0,56.0,47.2,49.5,50.6,30% 49% 21%,1.9,MidLateLate+52.5%48.1%51.6%64404349,"{'main': 4089, 'range_min': 3403, 'range_max': 4775}",pos 1
Riki,No Facet,2990,687,48.5,50.2,11.3,53.1,43.6,61.1,44.0,50.1,45.1,28% 46% 25%,0.6,MidLateLate+54.8%48.0%40.0%2584100,"{'main': 3853, 'range_min': 3236, 'range_max': 4470}",pos 1
Wraith King,No Facet,2985,895,48.8,52.6,9.2,57.0,41.1,59.1,55.6,49.5,47.5,35% 44% 21%,2.3,MidLateLate+46.7%45.3%53.3%309286,"{'main': 4065, 'range_min': 3419, 'range_max': 4711}",pos 1
Lifestealer,No Facet,2984,2846,52.0,55.3,14.1,55.7,48.7,64.5,48.6,53.0,50.8,31% 46% 23%,1.6,MidLateLate+47.6%50.2%52.0%50292259,"{'main': 4007, 'range_min': 3396, 'range_max': 4618}",pos 1
Nature's Prophet,No Facet,2977,1539,46.7,49.0,32.3,50.0,43.4,58.9,50.1,46.3,43.4,29% 50% 21%,1.6,MidLateLate+49.8%46.9%40.0%40223239,"{'main': 4047, 'range_min': 3437, 'range_max': 4657}",pos 1
Lone Druid,No Facet,2977,183,46.4,46.9,14.2,53.3,39.6,48.8,38.5,46.7,46.9,44% 48% 8%,6.5,MidLateLate+35.5%39.3%100.0%53128,"{'main': 4331, 'range_min': 3703, 'range_max': 4959}",pos 1
Windranger,No Facet,2972,2904,48.4,49.4,46.7,52.2,44.8,59.0,51.9,47.5,47.7,39% 47% 14%,4.3,MidLateLate+51.9%47.2%44.4%81289377,"{'main': 3954, 'range_min': 3340, 'range_max': 4568}",pos 1
Lina,No Facet,2970,299,50.2,48.5,15.1,53.2,46.9,63.2,51.2,50.3,49.4,30% 54% 17%,1.5,MidLateLate+40.0%41.7%20.0%102024,"{'main': 3991, 'range_min': 3365, 'range_max': 4617}",pos 1
Storm Spirit,No Facet,2962,234,44.9,45.2,17.0,45.9,43.8,51.2,33.3,45.5,45.6,28% 48% 24%,0.8,MidLateLate+40.6%36.4%50.0%103233,"{'main': 3994, 'range_min': 3316, 'range_max': 4672}",pos 1
Gyrocopter,No Facet,2959,3190,48.2,50.3,12.2,53.2,43.2,60.1,42.5,48.6,48.3,45% 41% 14%,5.8,MidLateLate+49.0%48.0%47.5%118500448,"{'main': 4291, 'range_min': 3637, 'range_max': 4945}",pos 1
Troll Warlord,No Facet,2952,1197,45.6,45.5,7.2,52.1,38.6,68.0,36.8,46.5,45.3,29% 47% 23%,1.1,MidLateLate+40.1%48.3%45.0%20167149,"{'main': 3975, 'range_min': 3335, 'range_max': 4615}",pos 1
Slark,No Facet,2950,5938,48.7,49.1,30.8,53.4,44.1,54.4,45.2,49.5,47.8,32% 43% 25%,1.2,MidLateLate+51.0%49.1%45.6%147755713,"{'main': 3829, 'range_min': 3105, 'range_max': 4553}",pos 1
Monkey King,No Facet,2943,1540,45.0,46.4,11.3,50.1,40.3,50.3,45.9,47.3,41.2,36% 45% 19%,2.8,MidLateLate+44.8%41.8%53.8%39165184,"{'main': 4039, 'range_min': 3378, 'range_max': 4700}",pos 1
Chaos Knight,No Facet,2923,1056,52.7,54.3,9.5,55.6,49.8,61.3,45.5,54.0,51.2,29% 49% 22%,1.6,MidLateLate+49.1%62.6%36.8%19116139,"{'main': 3947, 'range_min': 3317, 'range_max': 4577}",pos 1
Abaddon,No Facet,2891,1183,51.3,53.5,18.9,53.5,49.1,56.5,56.0,49.1,54.1,38% 50% 13%,4.9,MidLateLate+53.3%55.7%45.9%37152122,"{'main': 4010, 'range_min': 3447, 'range_max': 4573}",pos 1
Faceless Void,No Facet,2875,3058,50.4,51.9,12.1,54.2,46.9,55.1,45.1,49.0,52.4,21% 50% 29%,-1.3,MidLateLate+36.4%54.6%56.5%85319346,"{'main': 3776, 'range_min': 3199, 'range_max': 4353}",pos 1
Anti-Mage,No Facet,2874,5346,50.3,50.6,34.6,54.4,46.4,61.3,38.2,50.4,50.7,30% 45% 24%,1.1,MidLateLate+47.8%52.4%48.7%115533466,"{'main': 3867, 'range_min': 3200, 'range_max': 4534}",pos 1
Phantom Assassin,No Facet,2864,4602,45.0,46.9,14.9,48.8,41.3,50.9,42.4,44.4,47.0,23% 48% 29%,-1.2,MidLateLate+36.6%52.9%51.2%80440408,"{'main': 3903, 'range_min': 3270, 'range_max': 4536}",pos 1
Phantom Lancer,No Facet,2847,7156,52.1,52.6,38.0,56.3,47.9,59.5,43.2,51.8,53.7,32% 50% 19%,2.2,MidLateLate+44.7%49.3%58.2%196780812,"{'main': 4042, 'range_min': 3441, 'range_max': 4643}",pos 1
Sven,No Facet,2840,1675,45.6,46.6,8.6,49.3,41.8,59.3,45.5,44.3,46.8,18% 52% 30%,-2.0,MidLateLate+43.9%42.5%51.6%31148174,"{'main': 3904, 'range_min': 3220, 'range_max': 4588}",pos 1
Terrorblade,No Facet,2831,2056,45.4,46.6,9.8,50.1,40.2,53.2,48.1,44.7,45.9,25% 48% 27%,0.0,MidLateLate+46.1%46.7%40.4%57245227,"{'main': 3915, 'range_min': 3303, 'range_max': 4527}",pos 1
Muerta,No Facet,2816,1231,48.3,48.6,9.2,53.9,42.8,59.1,49.5,48.8,47.1,38% 48% 14%,4.4,MidLateLate+45.3%53.3%54.3%35106120,"{'main': 4157, 'range_min': 3544, 'range_max': 4770}",pos 1
Morphling,No Facet,2794,6047,46.0,46.0,29.3,50.2,41.8,51.6,50.3,45.8,46.2,27% 51% 23%,0.7,MidLateLate+48.4%44.5%50.5%107632519,"{'main': 3998, 'range_min': 3379, 'range_max': 4617}",pos 1
Kez,No Facet,2760,2063,46.6,45.2,22.7,50.3,42.7,51.4,47.0,47.1,44.1,34% 51% 15%,3.6,MidLateLate+43.6%50.6%36.9%65280265,"{'main': 4050, 'range_min': 3435, 'range_max': 4665}",pos 1
Medusa,No Facet,2722,1947,48.1,48.9,16.0,52.2,44.1,57.1,33.3,45.5,49.7,34% 51% 16%,3.3,MidLateLate+38.9%51.7%59.1%44198201,"{'main': 4205, 'range_min': 3577, 'range_max': 4833}",pos 1
Huskar,No Facet,2623,444,50.7,49.6,48.9,53.7,47.8,50.0,44.4,50.4,51.6,54% 34% 12%,8.2,MidLateLate+51.9%38.3%38.5%137960,"{'main': 4379, 'range_min': 3585, 'range_max': 5173}",pos 1
Bloodseeker,No Facet,2619,1284,49.8,50.9,8.1,53.2,46.4,55.4,55.9,49.2,50.0,33% 49% 18%,2.2,MidLateLate+51.9%48.1%46.9%49156158,"{'main': 3977, 'range_min': 3330, 'range_max': 4624}",pos 1
Necrophos,No Facet,2573,600,53.0,52.7,27.2,55.1,50.8,49.1,33.3,53.4,54.1,55% 33% 12%,8.8,MidLateLate+54.9%63.2%33.3%95138,"{'main': 4440, 'range_min': 3754, 'range_max': 5126}",pos 1
Razor,No Facet,2541,688,46.8,48.8,8.7,51.2,42.5,0.0,38.2,48.1,46.3,52% 41% 7%,8.2,MidLateLate+54.0%43.4%60.0%208783,"{'main': 4260, 'range_min': 3603, 'range_max': 4917}",pos 1
Viper,No Facet,2457,273,52.0,52.8,28.3,53.5,50.4,0.0,66.7,50.3,53.2,53% 39% 8%,8.0,MidLateLate+51.9%61.5%54.5%112726,"{'main': 4290, 'range_min': 3672, 'range_max': 4908}",pos 1
Tiny,No Facet,2452,338,45.9,45.8,35.3,47.4,44.6,25.0,44.4,46.1,46.0,34% 44% 21%,2.0,MidLateLate+46.4%37.9%80.0%52829,"{'main': 4119, 'range_min': 3522, 'range_max': 4716}",pos 1
Dragon Knight,No Facet,2435,1268,46.0,45.6,12.8,50.5,41.9,45.3,46.0,48.5,41.7,35% 52% 13%,4.1,MidLateLate+46.1%43.4%51.7%29152173,"{'main': 4159, 'range_min': 3511, 'range_max': 4807}",pos 1
Leshrac,No Facet,2380,159,43.4,50.0,15.5,53.0,36.6,41.7,53.8,42.5,42.4,34% 49% 16%,3.2,MidLateLate+28.9%54.2%60.0%53824,"{'main': 4084, 'range_min': 3384, 'range_max': 4784}",pos 1
Sniper,No Facet,2241,439,50.6,51.3,23.9,54.1,46.6,61.5,48.7,51.6,49.2,60% 33% 7%,10.4,MidLateLate+66.7%33.3%28.6%73333,"{'main': 4426, 'range_min': 3829, 'range_max': 5023}",pos 1
Alchemist,No Facet,2133,709,49.4,51.2,10.7,53.1,45.6,63.2,42.3,50.8,50.5,44% 40% 16%,5.5,MidLateLate+55.2%42.9%40.0%109663,"{'main': 5046, 'range_min': 4221, 'range_max': 5871}",pos 1
Axe,No Facet,0,29,41.4,38.9,52.6,40.0,42.9,0.0,71.4,45.5,18.2,100% 0% 0%,16.5,MidLateLate+50.0%50.0%50.0%002,"{'main': 4576, 'range_min': 3944, 'range_max': 5208}",pos 1
Mirana,No Facet,0,88,44.3,49.3,11.8,42.6,46.3,0.0,31.3,43.6,58.8,16% 42% 42%,-3.7,MidLateLate+40.0%45.5%100.0%3511,"{'main': 3786, 'range_min': 3181, 'range_max': 4391}",pos 1
Vengeful Spirit,No Facet,0,88,46.6,50.6,11.5,46.3,46.8,0.0,50.0,46.8,45.9,24% 55% 21%,1.4,MidLateLate+55.0%66.7%80.0%5209,"{'main': 4010, 'range_min': 3322, 'range_max': 4698}",pos 1
Zeus,No Facet,0,99,42.4,43.3,25.6,44.4,40.7,0.0,23.8,53.8,36.0,40% 40% 20%,4.1,MidLateLate+62.5%16.7%100.0%186,"{'main': 4173, 'range_min': 3396, 'range_max': 4950}",pos 1
Kunkka,No Facet,0,36,55.6,41.7,8.8,66.7,44.4,0.0,100.0,52.6,50.0,75% 25% 0%,14.6,MidLateLate+33.3%0.0%100.0%134,"{'main': 4776, 'range_min': 4383, 'range_max': 5169}",pos 1
Slardar,No Facet,0,51,52.9,50.6,27.8,50.0,56.0,0.0,25.0,52.0,59.1,53% 13% 33%,4.0,MidLateLate+55.6%40.0%100.0%295,"{'main': 3747, 'range_min': 2640, 'range_max': 4854}",pos 1
Tidehunter,No Facet,0,39,38.5,44.2,31.9,36.0,42.9,0.0,25.0,52.6,25.0,0% 71% 29%,-5.0,MidLateLate+25.0%100.0%0.0%143,"{'main': 3648, 'range_min': 2780, 'range_max': 4516}",pos 1
Tinker,No Facet,0,66,36.4,34.9,38.0,43.8,29.4,0.0,12.5,32.4,50.0,25% 56% 19%,-1.2,MidLateLate+0.0%37.5%0.0%268,"{'main': 3919, 'range_min': 3121, 'range_max': 4717}",pos 1
Beastmaster,No Facet,0,128,46.9,48.5,16.1,45.5,48.4,0.0,53.8,41.4,54.5,28% 45% 28%,-0.1,MidLateLate+75.0%38.5%40.0%51213,"{'main': 4168, 'range_min': 3438, 'range_max': 4898}",pos 1
Queen of Pain,No Facet,0,122,48.4,49.5,45.0,57.4,39.3,0.0,46.7,47.0,52.5,45% 36% 19%,4.6,MidLateLate+42.1%66.7%40.0%51918,"{'main': 4020, 'range_min': 3328, 'range_max': 4712}",pos 1
Venomancer,No Facet,0,116,33.6,38.5,31.5,32.2,35.1,0.0,36.5,30.0,33.3,13% 68% 19%,-1.5,MidLateLate+30.8%23.5%0.0%11317,"{'main': 3295, 'range_min': 2502, 'range_max': 4088}",pos 1
Dazzle,No Facet,0,26,50.0,60.9,13.5,33.3,64.3,0.0,44.4,46.7,100.0,50% 43% 7%,5.3,MidLateLate+57.1%60.0%0.0%275,"{'main': 4176, 'range_min': 3282, 'range_max': 5070}",pos 1
Omniknight,No Facet,0,133,51.1,51.6,14.4,57.4,44.6,0.0,30.0,53.8,51.2,43% 43% 14%,6.1,MidLateLate+50.0%66.7%33.3%383,"{'main': 4095, 'range_min': 3691, 'range_max': 4499}",pos 1
Night Stalker,No Facet,0,47,46.8,43.8,16.1,62.5,30.4,0.0,60.0,50.0,35.7,43% 43% 14%,3.6,MidLateLate+46.2%71.4%100.0%1137,"{'main': 4067, 'range_min': 3409, 'range_max': 4725}",pos 1
Jakiro,No Facet,0,34,32.4,30.9,41.7,43.8,22.2,0.0,27.8,30.8,66.7,20% 20% 60%,-16.7,MidLateLate+0.0%0.0%50.0%041,"{'main': 2966, 'range_min': 2155, 'range_max': 3777}",pos 1
Batrider,No Facet,0,33,48.5,49.1,9.7,44.4,53.3,0.0,0.0,47.6,75.0,56% 33% 11%,11.2,MidLateLate+100.0%0.0%50.0%081,"{'main': 4377, 'range_min': 3580, 'range_max': 5174}",pos 1
Doom,No Facet,0,35,37.1,44.4,9.4,36.8,37.5,0.0,33.3,41.2,35.7,29% 43% 29%,0.3,MidLateLate+33.3%0.0%0.0%133,"{'main': 3731, 'range_min': 3244, 'range_max': 4218}",pos 1
Silencer,No Facet,0,20,50.0,61.1,28.9,45.5,55.6,0.0,42.9,71.4,20.0,50% 50% 0%,11.8,MidLateLate+50.0%0.0%100.0%101,"{'main': 4822, 'range_min': 4702, 'range_max': 4942}",pos 1
Outworld Destroyer,No Facet,0,58,60.3,53.6,21.0,59.1,61.1,0.0,100.0,66.7,47.8,47% 33% 20%,1.6,MidLateLate+62.5%71.4%50.0%087,"{'main': 3713, 'range_min': 2943, 'range_max': 4483}",pos 1
Lycan,No Facet,0,21,28.6,25.8,8.6,11.1,41.7,0.0,0.0,30.8,33.3,0% 100% 0%,-5.2,MidLateLate+50.0%0.0%0.0%101,"{'main': 3524, 'range_min': 3524, 'range_max': 3524}",pos 1
Brewmaster,No Facet,0,23,47.8,56.8,9.7,46.2,50.0,52.4,47.4,66.7,0.0,0% 0% 100%,-11.6,MidLateLate+0.0%50.0%50.0%010,"{'main': 3208, 'range_min': 3208, 'range_max': 3208}",pos 1
Treant Protector,No Facet,0,20,35.0,45.1,14.7,62.5,16.7,0.0,25.0,38.5,33.3,0% 50% 50%,-4.3,MidLateLate+50.0%100.0%0.0%101,"{'main': 4006, 'range_min': 3241, 'range_max': 4771}",pos 1
Visage,No Facet,0,22,68.2,68.2,10.2,69.2,66.7,0.0,100.0,66.7,50.0,100% 0% 0%,18.0,MidLateLate+0.0%50.0%50.0%010,"{'main': 4439, 'range_min': 4439, 'range_max': 4439}",pos 1
Magnus,No Facet,0,46,43.5,47.0,29.5,46.2,40.0,0.0,28.6,33.3,57.1,33% 11% 56%,-0.3,MidLateLate+0.0%25.0%50.0%234,"{'main': 4077, 'range_min': 3507, 'range_max': 4647}",pos 1
Timbersaw,No Facet,0,72,45.8,44.6,28.2,51.4,40.5,0.0,66.7,45.2,44.4,41% 50% 9%,6.8,MidLateLate+70.0%45.5%0.0%11011,"{'main': 4112, 'range_min': 3314, 'range_max': 4910}",pos 1
Bristleback,No Facet,0,74,51.4,52.6,8.9,65.6,40.5,0.0,,47.5,55.9,45% 50% 5%,5.9,MidLateLate+57.1%50.0%0.0%1712,"{'main': 4568, 'range_min': 3893, 'range_max': 5243}",pos 1
Legion Commander,No Facet,0,83,45.8,41.4,39.5,54.1,39.1,0.0,0.0,51.1,44.1,50% 33% 17%,4.6,MidLateLate+40.0%80.0%0.0%355,"{'main': 3960, 'range_min': 3394, 'range_max': 4526}",pos 1
Ember Spirit,No Facet,0,92,40.2,38.3,28.1,42.3,37.5,0.0,11.1,45.8,41.2,42% 29% 29%,1.3,MidLateLate+25.0%45.5%33.3%31211,"{'main': 3558, 'range_min': 2807, 'range_max': 4309}",pos 1
Underlord,No Facet,0,59,37.3,51.9,9.2,32.0,41.2,42.9,33.3,40.9,22.2,27% 50% 23%,2.4,MidLateLate+47.1%40.0%0.0%31710,"{'main': 4291, 'range_min': 3484, 'range_max': 5098}",pos 1
Arc Warden,No Facet,0,84,47.6,47.1,13.0,57.5,38.6,0.0,66.7,46.6,47.8,60% 10% 30%,5.5,MidLateLate+54.5%75.0%0.0%1118,"{'main': 4264, 'range_min': 3535, 'range_max': 4993}",pos 1
Dark Willow,No Facet,0,54,51.9,45.8,12.4,53.8,50.0,64.0,57.1,44.4,57.1,71% 29% 0%,10.9,MidLateLate+66.7%64.3%0.0%1914,"{'main': 4353, 'range_min': 3733, 'range_max': 4973}",pos 1
Hoodwink,No Facet,0,36,50.0,50.0,12.0,50.0,50.0,30.0,63.6,47.1,42.9,83% 0% 17%,14.5,MidLateLate+80.0%100.0%50.0%051,"{'main': 4483, 'range_min': 3491, 'range_max': 5475}",pos 1
Void Spirit,No Facet,0,117,47.0,50.7,13.6,53.8,38.5,56.3,61.5,51.4,31.3,38% 35% 27%,1.7,MidLateLate+50.0%58.3%50.0%21212,"{'main': 4073, 'range_min': 3351, 'range_max': 4795}",pos 1
Mars,No Facet,0,108,43.5,45.3,31.4,41.7,45.8,0.0,26.7,46.0,46.7,23% 54% 23%,-0.9,MidLateLate+42.9%40.0%0.0%175,"{'main': 4065, 'range_min': 3277, 'range_max': 4853}",pos 1
Marci,No Facet,0,155,45.8,52.8,12.8,46.3,45.2,47.1,41.4,43.8,52.2,70% 24% 6%,13.1,MidLateLate+69.7%53.8%25.0%43313,"{'main': 4870, 'range_min': 4064, 'range_max': 5676}",pos 1
Ember Spirit,No Facet,3269,7625,52.2,54.4,28.1,55.7,48.7,58.8,53.4,51.1,52.7,21% 44% 34%,-2.6,MidLateLate+56.0%50.4%47.4%23411061017,"{'main': 3925, 'range_min': 3244, 'range_max': 4606}",pos 2
Invoker,No Facet,3106,8409,52.6,51.8,45.3,56.6,48.6,59.9,57.1,51.7,50.5,17% 44% 39%,-4.3,MidLateLate+51.4%54.1%56.2%194856860,"{'main': 3940, 'range_min': 3216, 'range_max': 4664}",pos 2
Viper,No Facet,3105,2765,51.7,50.7,28.3,55.9,47.7,63.1,53.6,51.7,51.6,41% 41% 18%,4.9,MidLateLate+57.7%50.8%55.6%90362370,"{'main': 4176, 'range_min': 3522, 'range_max': 4830}",pos 2
Queen of Pain,No Facet,3080,8283,50.4,53.7,45.0,54.7,46.0,58.2,49.6,49.9,50.8,30% 43% 27%,0.4,MidLateLate+50.2%51.3%53.3%25710141066,"{'main': 3884, 'range_min': 3222, 'range_max': 4546}",pos 2
Storm Spirit,No Facet,3042,5054,49.3,50.5,17.0,52.7,46.1,54.2,51.8,48.6,49.6,18% 48% 35%,-3.2,MidLateLate+42.7%56.0%62.1%153757734,"{'main': 3989, 'range_min': 3363, 'range_max': 4615}",pos 2
Keeper of the Light,No Facet,3041,1003,56.2,54.7,9.0,61.8,51.2,64.0,52.9,57.7,56.3,22% 53% 25%,-0.8,MidLateLate+65.0%45.0%57.9%198080,"{'main': 4437, 'range_min': 3743, 'range_max': 5131}",pos 2
Skywrath Mage,No Facet,3038,2015,54.7,53.4,36.3,58.6,50.9,63.5,56.2,56.9,52.6,44% 32% 24%,5.0,MidLateLate+55.5%55.9%52.3%44191188,"{'main': 4060, 'range_min': 3311, 'range_max': 4809}",pos 2
Arc Warden,No Facet,3027,1194,51.8,54.9,13.0,57.0,46.2,53.7,50.0,50.6,53.2,34% 40% 26%,2.3,MidLateLate+52.8%59.6%37.5%32108109,"{'main': 4148, 'range_min': 3353, 'range_max': 4943}",pos 2
Magnus,No Facet,3025,1523,50.0,50.3,29.5,53.7,46.3,56.4,58.6,45.8,50.5,23% 44% 33%,-1.7,MidLateLate+51.6%53.0%55.9%34161151,"{'main': 3899, 'range_min': 3260, 'range_max': 4538}",pos 2
Rubick,No Facet,3019,2935,50.2,51.2,48.8,55.8,44.6,56.5,51.9,50.6,48.9,32% 44% 24%,1.1,MidLateLate+52.7%50.7%52.9%70273272,"{'main': 4077, 'range_min': 3466, 'range_max': 4688}",pos 2
Earth Spirit,No Facet,3012,781,51.5,53.7,9.8,51.8,51.1,54.1,57.2,45.8,53.6,20% 39% 41%,-3.9,MidLateLate+48.0%54.2%36.4%117559,"{'main': 3851, 'range_min': 3197, 'range_max': 4505}",pos 2
Shadow Fiend,No Facet,3011,5351,49.3,50.2,37.6,53.1,45.3,54.7,50.6,48.5,49.5,34% 43% 23%,2.2,MidLateLate+47.4%54.7%51.7%116443468,"{'main': 4172, 'range_min': 3483, 'range_max': 4861}",pos 2
Lina,No Facet,3011,3486,48.8,52.3,15.1,53.7,43.8,59.2,52.7,45.4,50.1,35% 44% 21%,2.6,MidLateLate+51.8%52.4%42.6%61284296,"{'main': 4167, 'range_min': 3511, 'range_max': 4823}",pos 2
Windranger,No Facet,3010,1591,49.0,48.3,46.7,54.3,44.1,52.9,47.6,50.0,48.9,32% 42% 27%,0.5,MidLateLate+46.5%52.7%48.8%43187169,"{'main': 4138, 'range_min': 3450, 'range_max': 4826}",pos 2
Pudge,No Facet,3009,1735,53.8,56.1,89.7,57.0,50.5,55.6,53.6,51.4,57.3,25% 40% 35%,-1.9,MidLateLate+53.6%50.7%41.0%39179201,"{'main': 4056, 'range_min': 3250, 'range_max': 4862}",pos 2
Leshrac,No Facet,3005,2929,52.7,53.6,15.5,55.1,50.2,58.4,54.1,52.6,52.7,27% 49% 24%,0.7,MidLateLate+48.5%54.7%53.4%73392397,"{'main': 4085, 'range_min': 3407, 'range_max': 4763}",pos 2
Slark,No Facet,3005,232,50.4,45.4,30.8,52.9,47.8,85.7,60.0,41.7,53.4,28% 30% 42%,-4.0,MidLateLate+46.9%58.3%50.0%43224,"{'main': 3677, 'range_min': 2909, 'range_max': 4445}",pos 2
Vengeful Spirit,No Facet,3003,146,52.1,53.4,11.5,62.0,42.7,0.0,54.5,55.6,48.8,16% 36% 47%,-6.6,MidLateLate+54.2%51.7%0.0%22429,"{'main': 3665, 'range_min': 3102, 'range_max': 4228}",pos 2
Broodmother,No Facet,3003,1691,55.4,55.6,34.2,60.8,49.9,65.5,52.3,52.6,56.9,22% 35% 43%,-5.2,MidLateLate+60.8%44.7%26.3%1912085,"{'main': 3975, 'range_min': 2988, 'range_max': 4962}",pos 2
Outworld Destroyer,No Facet,3000,2760,48.6,49.8,21.0,52.0,45.3,57.2,39.2,46.1,49.5,38% 41% 20%,2.9,MidLateLate+43.1%57.4%46.3%54297291,"{'main': 3875, 'range_min': 3228, 'range_max': 4522}",pos 2
Bounty Hunter,No Facet,2998,227,47.1,45.3,15.6,48.1,46.2,0.0,29.4,46.3,49.3,47% 31% 23%,6.0,MidLateLate+42.3%50.0%62.5%82628,"{'main': 4419, 'range_min': 3481, 'range_max': 5357}",pos 2
Largo,No Facet,2993,233,46.4,47.0,19.7,54.2,38.1,51.9,50.5,37.7,49.1,27% 38% 35%,-3.4,MidLateLate+43.8%52.0%33.3%33225,"{'main': 3877, 'range_min': 3151, 'range_max': 4603}",pos 2
Anti-Mage,No Facet,2992,274,50.0,49.7,34.6,57.3,41.1,50.0,83.3,41.6,52.4,21% 44% 35%,-3.9,MidLateLate+42.3%45.0%66.7%62620,"{'main': 3798, 'range_min': 3080, 'range_max': 4516}",pos 2
Lone Druid,No Facet,2990,475,50.1,53.2,14.2,55.6,44.5,55.9,60.4,45.1,52.5,49% 41% 10%,7.8,MidLateLate+44.4%58.8%33.3%64517,"{'main': 4373, 'range_min': 3739, 'range_max': 5007}",pos 2
Earthshaker,No Facet,2988,1518,44.3,47.9,27.4,48.5,40.7,52.4,41.6,41.6,46.0,11% 44% 45%,-7.2,MidLateLate+41.1%54.1%45.2%31124146,"{'main': 3639, 'range_min': 2973, 'range_max': 4305}",pos 2
Riki,No Facet,2988,886,51.4,50.4,11.3,53.4,49.5,67.3,55.4,45.7,54.8,14% 41% 45%,-6.7,MidLateLate+45.7%51.6%52.2%2310593,"{'main': 3695, 'range_min': 3011, 'range_max': 4379}",pos 2
Void Spirit,No Facet,2987,3323,50.5,51.7,13.6,54.7,46.4,55.7,45.2,51.8,50.1,20% 47% 33%,-2.5,MidLateLate+50.7%49.8%42.1%95469422,"{'main': 3877, 'range_min': 3273, 'range_max': 4481}",pos 2
Venomancer,No Facet,2986,194,39.7,41.4,31.5,44.8,34.7,48.1,23.3,45.5,41.2,22% 51% 27%,-2.3,MidLateLate+39.1%51.6%33.3%92331,"{'main': 3972, 'range_min': 3395, 'range_max': 4549}",pos 2
Puck,No Facet,2979,4077,50.6,50.2,25.5,54.7,46.5,57.3,56.4,49.2,51.0,23% 51% 25%,-0.1,MidLateLate+50.6%49.0%51.3%119516494,"{'main': 4063, 'range_min': 3454, 'range_max': 4672}",pos 2
Clinkz,No Facet,2974,1777,50.3,50.7,67.6,54.4,46.2,55.8,49.1,53.5,46.9,32% 47% 21%,1.9,MidLateLate+52.1%45.0%51.6%31163189,"{'main': 4172, 'range_min': 3600, 'range_max': 4744}",pos 2
Nature's Prophet,No Facet,2973,1880,46.6,45.4,32.3,48.8,44.5,56.2,45.9,47.5,46.4,16% 52% 32%,-3.5,MidLateLate+53.6%41.8%55.2%58293299,"{'main': 4084, 'range_min': 3424, 'range_max': 4744}",pos 2
Pangolier,No Facet,2968,526,47.1,47.4,6.9,50.4,43.9,59.1,48.7,49.4,44.9,16% 48% 37%,-3.9,MidLateLate+39.0%43.1%66.7%125951,"{'main': 3887, 'range_min': 3278, 'range_max': 4496}",pos 2
Tinker,No Facet,2965,3217,50.9,50.1,38.0,53.3,48.5,57.8,54.7,50.2,50.6,22% 55% 23%,-0.6,MidLateLate+48.2%51.1%57.1%77249311,"{'main': 4208, 'range_min': 3572, 'range_max': 4844}",pos 2
Huskar,No Facet,2957,3525,51.9,53.4,48.9,55.6,48.0,57.6,44.9,47.7,52.8,56% 29% 15%,10.5,MidLateLate+52.4%43.6%41.3%63479337,"{'main': 4352, 'range_min': 3590, 'range_max': 5114}",pos 2
Zeus,No Facet,2931,2188,44.6,46.3,25.6,48.1,41.1,59.6,46.6,43.5,45.1,27% 47% 26%,0.0,MidLateLate+41.8%43.8%45.2%73201208,"{'main': 4160, 'range_min': 3516, 'range_max': 4804}",pos 2
Sniper,No Facet,2931,3434,46.7,48.7,23.9,50.1,43.5,53.0,42.8,46.0,47.5,44% 44% 12%,6.0,MidLateLate+53.6%40.3%44.2%120347380,"{'main': 4327, 'range_min': 3696, 'range_max': 4958}",pos 2
Necrophos,No Facet,2930,3905,50.4,51.0,27.2,55.0,45.8,56.7,48.3,51.4,50.0,53% 33% 15%,7.8,MidLateLate+51.5%44.7%39.3%84520447,"{'main': 4457, 'range_min': 3768, 'range_max': 5146}",pos 2
Primal Beast,No Facet,2897,1025,51.3,53.7,12.4,52.8,49.9,62.3,51.5,53.1,50.2,14% 45% 41%,-5.9,MidLateLate+50.0%53.7%57.7%26114108,"{'main': 3860, 'range_min': 3195, 'range_max': 4525}",pos 2
Slardar,No Facet,2874,1312,51.3,53.3,27.8,53.8,48.9,52.9,51.9,46.8,53.7,27% 42% 31%,-1.0,MidLateLate+52.7%55.1%59.3%27201205,"{'main': 3964, 'range_min': 3224, 'range_max': 4704}",pos 2
Meepo,No Facet,2871,1233,55.6,57.0,20.9,61.1,50.1,58.0,68.0,56.3,54.7,33% 43% 24%,1.5,MidLateLate+57.2%61.9%76.5%17194118,"{'main': 4381, 'range_min': 3673, 'range_max': 5089}",pos 2
Beastmaster,No Facet,2867,618,51.1,53.9,16.1,54.8,47.1,60.2,51.4,52.8,49.7,37% 40% 23%,4.2,MidLateLate+57.7%39.5%33.3%67843,"{'main': 4465, 'range_min': 3713, 'range_max': 5217}",pos 2
Phoenix,No Facet,2861,702,52.0,52.7,14.6,54.0,50.0,61.1,52.8,54.4,50.3,45% 37% 19%,5.9,MidLateLate+62.9%40.2%48.0%2597102,"{'main': 4338, 'range_min': 3531, 'range_max': 5145}",pos 2
Mirana,No Facet,2858,736,44.7,46.4,11.8,46.2,43.4,48.3,41.8,45.5,45.9,20% 44% 36%,-3.0,MidLateLate+32.0%52.5%59.1%227580,"{'main': 3911, 'range_min': 3288, 'range_max': 4534}",pos 2
Lion,No Facet,2838,512,45.3,45.7,47.7,50.4,40.4,0.0,48.1,44.1,44.4,21% 42% 37%,-4.6,MidLateLate+38.3%51.4%37.5%84735,"{'main': 3696, 'range_min': 2969, 'range_max': 4423}",pos 2
Kez,No Facet,2828,1160,48.4,47.7,22.7,54.4,42.5,49.4,50.4,49.2,45.9,34% 46% 20%,1.8,MidLateLate+46.0%45.9%54.2%2410085,"{'main': 4019, 'range_min': 3328, 'range_max': 4710}",pos 2
Tiny,No Facet,2768,3881,47.6,47.1,35.3,52.0,43.3,56.1,47.0,47.0,48.3,18% 51% 31%,-2.7,MidLateLate+49.8%44.2%37.9%103476530,"{'main': 3885, 'range_min': 3303, 'range_max': 4467}",pos 2
Kunkka,No Facet,2726,935,51.4,50.6,8.8,56.1,46.9,64.2,67.3,50.2,50.7,35% 43% 22%,2.3,MidLateLate+54.1%52.3%59.3%2785111,"{'main': 4223, 'range_min': 3442, 'range_max': 5004}",pos 2
Batrider,No Facet,2674,617,47.5,49.1,9.7,49.0,45.9,52.4,31.6,49.5,47.3,35% 34% 32%,1.7,MidLateLate+51.4%46.2%58.3%127265,"{'main': 4005, 'range_min': 3187, 'range_max': 4823}",pos 2
Tusk,No Facet,2638,398,52.3,46.0,17.9,56.0,48.8,68.0,50.8,56.0,49.7,17% 46% 37%,-4.2,MidLateLate+59.5%59.5%36.4%114242,"{'main': 3733, 'range_min': 3033, 'range_max': 4433}",pos 2
Razor,No Facet,2591,381,48.3,51.4,8.7,50.0,46.2,37.3,35.3,46.6,50.9,18% 37% 45%,-5.3,MidLateLate+29.1%48.6%50.0%165574,"{'main': 3659, 'range_min': 2959, 'range_max': 4359}",pos 2
Death Prophet,No Facet,2579,767,50.5,51.8,8.3,56.8,44.4,58.5,41.3,52.3,50.4,48% 39% 13%,7.4,MidLateLate+55.3%43.8%64.3%149480,"{'main': 4509, 'range_min': 3832, 'range_max': 5186}",pos 2
Timbersaw,No Facet,2522,864,46.5,47.6,28.2,53.8,39.9,34.3,38.1,49.6,45.6,18% 48% 33%,-2.8,MidLateLate+44.3%46.9%50.0%1610696,"{'main': 4040, 'range_min': 3409, 'range_max': 4671}",pos 2
Monkey King,No Facet,2522,1070,48.4,54.6,11.3,53.8,43.1,53.2,47.1,50.7,47.7,32% 41% 28%,0.4,MidLateLate+50.4%49.6%40.0%25127119,"{'main': 4010, 'range_min': 3315, 'range_max': 4705}",pos 2
Dragon Knight,No Facet,2473,1117,44.0,46.6,12.8,48.5,39.1,0.0,41.7,44.8,43.8,37% 45% 18%,3.1,MidLateLate+47.6%41.3%50.0%22191126,"{'main': 4275, 'range_min': 3619, 'range_max': 4931}",pos 2
Marci,No Facet,2416,547,59.6,60.7,12.8,63.5,55.1,61.3,62.5,58.2,59.1,43% 36% 21%,5.9,MidLateLate+67.9%51.7%40.0%107860,"{'main': 4316, 'range_min': 3419, 'range_max': 5213}",pos 2
Axe,No Facet,2389,288,46.2,47.1,52.6,46.8,45.6,50.0,55.8,46.9,42.0,29% 35% 35%,-0.9,MidLateLate+45.8%45.5%40.0%52433,"{'main': 3938, 'range_min': 3160, 'range_max': 4716}",pos 2
Templar Assassin,No Facet,2377,521,42.8,42.7,15.1,47.5,38.3,43.5,48.5,41.8,42.8,19% 45% 36%,-4.8,MidLateLate+27.5%50.0%66.7%64038,"{'main': 3845, 'range_min': 3027, 'range_max': 4663}",pos 2
Nyx Assassin,No Facet,2196,514,49.4,49.8,19.1,55.6,43.1,51.9,51.2,46.9,50.3,17% 45% 37%,-3.3,MidLateLate+47.4%51.7%54.5%115758,"{'main': 3861, 'range_min': 3255, 'range_max': 4467}",pos 2
Legion Commander,No Facet,2123,319,50.5,46.8,39.5,51.6,49.4,0.0,50.0,54.4,48.8,17% 42% 41%,-5.2,MidLateLate+43.8%36.4%36.4%113222,"{'main': 3928, 'range_min': 3311, 'range_max': 4545}",pos 2
Sand King,No Facet,2067,561,48.7,49.9,9.3,50.6,46.9,56.1,66.7,44.2,50.0,11% 51% 38%,-5.4,MidLateLate+38.7%50.0%64.3%146264,"{'main': 3867, 'range_min': 3230, 'range_max': 4504}",pos 2
Morphling,No Facet,2002,675,40.1,39.1,29.3,46.8,33.0,57.1,56.1,39.9,36.0,20% 54% 26%,-1.4,MidLateLate+23.2%48.1%46.2%136979,"{'main': 4003, 'range_min': 3391, 'range_max': 4615}",pos 2
Alchemist,No Facet,1974,427,45.4,45.4,10.7,51.7,39.4,60.0,34.8,49.0,44.5,46% 40% 14%,6.7,MidLateLate+53.8%42.9%40.0%56549,"{'main': 5338, 'range_min': 4537, 'range_max': 6139}",pos 2
Mars,No Facet,1537,330,42.7,46.4,31.4,48.3,38.3,0.0,48.1,47.5,39.6,15% 50% 35%,-3.8,MidLateLate+36.4%39.1%50.0%84446,"{'main': 3881, 'range_min': 3322, 'range_max': 4440}",pos 2
Bane,No Facet,0,108,47.2,46.5,8.4,49.2,44.9,40.7,43.8,39.4,52.5,41% 46% 14%,5.7,MidLateLate+68.8%35.3%25.0%41617,"{'main': 4038, 'range_min': 3534, 'range_max': 4542}",pos 2
Bloodseeker,No Facet,0,101,51.5,53.2,8.1,51.7,51.2,0.0,40.0,48.6,54.1,30% 25% 45%,-2.3,MidLateLate+75.0%50.0%50.0%4412,"{'main': 3829, 'range_min': 3256, 'range_max': 4402}",pos 2
Crystal Maiden,No Facet,0,55,52.7,52.6,14.2,71.4,33.3,54.3,54.2,52.4,50.0,24% 53% 24%,-2.5,MidLateLate+25.0%90.0%50.0%0810,"{'main': 4279, 'range_min': 3452, 'range_max': 5106}",pos 2
Drow Ranger,No Facet,0,137,48.9,50.7,29.4,43.0,56.9,65.4,55.6,42.3,53.0,26% 63% 11%,3.5,MidLateLate+46.2%30.0%25.0%41310,"{'main': 4127, 'range_min': 3547, 'range_max': 4707}",pos 2
Phantom Lancer,No Facet,0,42,42.9,45.9,38.0,55.0,31.8,0.0,25.0,37.5,50.0,0% 83% 17%,-0.9,MidLateLate+50.0%0.0%50.0%042,"{'main': 4191, 'range_min': 3914, 'range_max': 4468}",pos 2
Sven,No Facet,0,21,23.8,21.9,8.6,0.0,38.5,0.0,0.0,28.6,27.3,0% 50% 50%,-9.4,MidLateLate+0.0%50.0%50.0%020,"{'main': 4054, 'range_min': 3480, 'range_max': 4628}",pos 2
Shadow Shaman,No Facet,0,21,47.6,44.4,30.1,45.5,50.0,0.0,44.4,20.0,71.4,33% 50% 17%,1.7,MidLateLate+16.7%40.0%100.0%165,"{'main': 4101, 'range_min': 3696, 'range_max': 4506}",pos 2
Tidehunter,No Facet,0,142,50.7,48.4,31.9,43.5,57.5,54.5,28.6,45.2,53.4,15% 46% 39%,-4.5,MidLateLate+52.0%75.0%25.0%42512,"{'main': 4039, 'range_min': 3342, 'range_max': 4736}",pos 2
Lich,No Facet,0,20,40.0,47.1,27.8,45.5,33.3,0.0,50.0,55.6,14.3,0% 100% 0%,-4.8,MidLateLate+50.0%0.0%50.0%001,"{'main': 3038, 'range_min': 3038, 'range_max': 3038}",pos 2
Enigma,No Facet,0,130,62.3,58.2,8.2,63.2,61.3,62.5,42.9,65.8,63.1,26% 53% 21%,3.9,MidLateLate+40.0%50.0%0.0%1108,"{'main': 4116, 'range_min': 3231, 'range_max': 5001}",pos 2
Faceless Void,No Facet,0,100,51.0,54.0,12.1,59.6,43.4,0.0,60.0,57.5,45.5,12% 32% 56%,-11.8,MidLateLate+33.3%75.0%0.0%2158,"{'main': 3170, 'range_min': 2300, 'range_max': 4040}",pos 2
Wraith King,No Facet,0,23,43.5,51.3,9.2,50.0,33.3,0.0,0.0,50.0,42.9,50% 25% 25%,2.5,MidLateLate+0.0%50.0%0.0%112,"{'main': 4028, 'range_min': 3521, 'range_max': 4535}",pos 2
Phantom Assassin,No Facet,0,36,27.8,32.2,14.9,33.3,23.8,0.0,0.0,31.6,28.6,0% 0% 100%,-33.6,MidLateLate+0.0%100.0%100.0%121,"{'main': 3081, 'range_min': 1889, 'range_max': 4273}",pos 2
Pugna,No Facet,0,226,41.2,39.8,11.9,46.2,35.8,46.2,38.5,38.2,42.8,31% 44% 26%,0.6,MidLateLate+50.0%45.5%0.0%11622,"{'main': 3774, 'range_min': 3283, 'range_max': 4265}",pos 2
Luna,No Facet,0,33,42.4,44.3,10.6,52.9,31.3,0.0,100.0,50.0,25.0,30% 40% 30%,-1.7,MidLateLate+28.6%0.0%100.0%173,"{'main': 3854, 'range_min': 3179, 'range_max': 4529}",pos 2
Dazzle,No Facet,0,179,54.7,58.3,13.5,55.7,53.7,63.7,75.0,65.2,45.5,38% 43% 19%,2.6,MidLateLate+63.6%50.0%50.0%01110,"{'main': 4085, 'range_min': 3389, 'range_max': 4781}",pos 2
Clockwerk,No Facet,0,31,54.8,43.5,13.4,55.6,53.8,50.0,42.9,66.7,60.0,0% 75% 25%,-2.2,MidLateLate+100.0%50.0%50.0%022,"{'main': 3471, 'range_min': 3244, 'range_max': 3698}",pos 2
Dark Seer,No Facet,0,28,42.9,44.1,6.4,28.6,57.1,0.0,44.4,55.6,30.0,29% 43% 29%,-1.3,MidLateLate+25.0%33.3%50.0%043,"{'main': 4125, 'range_min': 3668, 'range_max': 4582}",pos 2
Omniknight,No Facet,0,143,52.4,51.9,14.4,55.9,49.3,63.6,50.0,44.2,57.6,35% 32% 32%,0.7,MidLateLate+61.1%45.5%40.0%51811,"{'main': 3982, 'range_min': 3258, 'range_max': 4706}",pos 2
Enchantress,No Facet,0,109,44.0,49.0,7.0,44.6,43.4,44.8,46.2,42.3,45.2,17% 46% 38%,-7.7,MidLateLate+38.5%55.6%50.0%2139,"{'main': 3740, 'range_min': 3012, 'range_max': 4468}",pos 2
Night Stalker,No Facet,0,194,45.9,46.7,16.1,48.9,43.1,0.0,71.4,38.3,48.0,21% 42% 38%,-2.7,MidLateLate+45.8%55.0%50.0%42420,"{'main': 3942, 'range_min': 3302, 'range_max': 4582}",pos 2
Weaver,No Facet,0,157,55.4,58.1,28.5,66.7,45.1,55.3,55.8,62.3,49.0,28% 34% 38%,-2.7,MidLateLate+50.0%61.1%100.0%72218,"{'main': 4029, 'range_min': 3318, 'range_max': 4740}",pos 2
Jakiro,No Facet,0,205,39.5,44.0,41.7,39.6,39.4,0.0,41.7,46.9,34.3,33% 55% 12%,5.3,MidLateLate+44.4%40.0%25.0%41820,"{'main': 4055, 'range_min': 3297, 'range_max': 4813}",pos 2
Spectre,No Facet,0,57,52.6,52.9,20.5,54.8,50.0,0.0,45.5,56.0,50.0,0% 36% 64%,-15.0,MidLateLate+22.2%0.0%50.0%092,"{'main': 3298, 'range_min': 2600, 'range_max': 3996}",pos 2
Ancient Apparition,No Facet,0,98,48.0,57.8,17.0,51.9,43.5,80.0,20.0,31.3,53.2,6% 33% 61%,-14.9,MidLateLate+44.4%50.0%66.7%396,"{'main': 3232, 'range_min': 2630, 'range_max': 3834}",pos 2
Doom,No Facet,0,83,53.0,52.0,9.4,55.3,50.0,0.0,75.0,56.0,49.1,32% 28% 40%,-2.3,MidLateLate+66.7%38.5%100.0%3913,"{'main': 4123, 'range_min': 3245, 'range_max': 5001}",pos 2
Ursa,No Facet,0,135,56.3,57.1,36.4,58.0,54.5,0.0,60.0,50.0,59.1,13% 27% 60%,-11.0,MidLateLate+37.5%54.5%33.3%31611,"{'main': 3574, 'range_min': 2910, 'range_max': 4238}",pos 2
Spirit Breaker,No Facet,0,153,47.7,48.5,31.2,54.4,40.5,66.7,42.9,43.2,52.5,6% 38% 56%,-10.5,MidLateLate+45.8%40.9%100.0%22422,"{'main': 3504, 'range_min': 2945, 'range_max': 4063}",pos 2
Gyrocopter,No Facet,0,21,28.6,31.4,12.2,14.3,35.7,0.0,100.0,22.2,22.2,25% 25% 50%,-5.3,MidLateLate+0.0%0.0%0.0%112,"{'main': 3441, 'range_min': 2872, 'range_max': 4010}",pos 2
Silencer,No Facet,0,174,41.4,40.2,28.9,53.4,29.1,0.0,45.5,43.1,40.0,22% 36% 42%,-3.2,MidLateLate+33.3%11.1%33.3%6219,"{'main': 3513, 'range_min': 2581, 'range_max': 4445}",pos 2
Lycan,No Facet,0,185,55.1,50.0,8.6,66.3,45.5,64.6,40.0,65.7,50.5,13% 57% 30%,-1.8,MidLateLate+42.9%30.8%25.0%41413,"{'main': 4147, 'range_min': 3764, 'range_max': 4530}",pos 2
Brewmaster,No Facet,0,136,46.3,47.4,9.7,51.3,40.0,47.1,44.4,45.5,48.8,13% 35% 52%,-6.6,MidLateLate+55.6%36.8%33.3%3919,"{'main': 3760, 'range_min': 3150, 'range_max': 4370}",pos 2
Shadow Demon,No Facet,0,55,52.7,53.3,12.2,57.1,48.1,61.8,58.8,44.4,41.7,0% 100% 0%,-0.6,MidLateLate+50.0%0.0%50.0%042,"{'main': 3782, 'range_min': 3548, 'range_max': 4016}",pos 2
Chaos Knight,No Facet,0,176,48.3,48.2,9.5,50.0,46.3,47.7,42.9,41.7,55.4,27% 44% 29%,-1.0,MidLateLate+61.9%31.3%25.0%42116,"{'main': 3880, 'range_min': 3166, 'range_max': 4594}",pos 2
Treant Protector,No Facet,0,45,33.3,40.4,14.7,37.5,28.6,0.0,37.5,20.0,40.9,17% 50% 33%,-3.7,MidLateLate+37.5%0.0%50.0%282,"{'main': 3782, 'range_min': 3063, 'range_max': 4501}",pos 2
Ogre Magi,No Facet,0,254,52.8,51.9,20.7,57.3,48.5,0.0,56.0,49.0,54.5,40% 35% 25%,1.6,MidLateLate+50.0%53.6%20.0%52228,"{'main': 3963, 'range_min': 3168, 'range_max': 4758}",pos 2
Undying,No Facet,0,141,47.5,52.2,13.4,51.8,41.4,50.0,40.5,48.5,52.3,47% 28% 26%,5.4,MidLateLate+60.0%61.5%50.0%61526,"{'main': 4075, 'range_min': 3557, 'range_max': 4593}",pos 2
Disruptor,No Facet,0,30,30.0,36.8,23.2,23.1,35.3,0.0,0.0,50.0,31.6,0% 100% 0%,-1.0,MidLateLate+100.0%0.0%50.0%011,"{'main': 3387, 'range_min': 3379, 'range_max': 3395}",pos 2
Io,No Facet,0,57,43.9,42.9,9.5,60.0,25.9,64.3,35.7,45.5,46.9,0% 17% 83%,-17.7,MidLateLate+40.0%0.0%50.0%051,"{'main': 3400, 'range_min': 2994, 'range_max': 3806}",pos 2
Visage,No Facet,0,400,54.3,55.1,10.2,54.6,54.0,63.1,67.5,54.3,47.8,28% 52% 20%,1.5,MidLateLate+53.1%50.0%33.3%33226,"{'main': 4041, 'range_min': 3389, 'range_max': 4693}",pos 2
Medusa,No Facet,0,37,48.6,45.2,16.0,44.4,52.6,0.0,,25.0,51.5,29% 57% 14%,0.6,MidLateLate+0.0%0.0%50.0%214,"{'main': 4175, 'range_min': 3629, 'range_max': 4721}",pos 2
Centaur Warrunner,No Facet,0,23,43.5,61.5,15.4,60.0,30.8,0.0,0.0,28.6,53.3,25% 38% 38%,-2.3,MidLateLate+40.0%50.0%0.0%152,"{'main': 4146, 'range_min': 3418, 'range_max': 4874}",pos 2
Bristleback,No Facet,0,57,42.1,37.6,8.9,56.3,24.0,0.0,,36.8,45.9,60% 40% 0%,11.7,MidLateLate+33.3%100.0%50.0%032,"{'main': 4410, 'range_min': 3787, 'range_max': 5033}",pos 2
Techies,No Facet,0,143,32.9,37.5,16.2,30.7,35.3,66.7,21.6,36.4,36.0,17% 41% 41%,-6.4,MidLateLate+18.8%33.3%0.0%11612,"{'main': 3735, 'range_min': 2988, 'range_max': 4482}",pos 2
Underlord,No Facet,0,38,21.1,29.0,9.2,20.0,21.7,0.0,0.0,30.8,16.7,10% 40% 50%,-4.6,MidLateLate+0.0%33.3%0.0%343,"{'main': 4174, 'range_min': 3645, 'range_max': 4703}",pos 2
Oracle,No Facet,0,110,42.7,49.0,13.4,42.6,42.9,54.2,41.2,47.2,39.3,11% 42% 47%,-7.1,MidLateLate+38.9%50.0%50.0%21816,"{'main': 3693, 'range_min': 3092, 'range_max': 4294}",pos 2
Winter Wyvern,No Facet,0,79,53.2,41.9,12.1,60.9,42.4,0.0,35.7,61.1,55.3,0% 44% 56%,-12.8,MidLateLate+66.7%50.0%100.0%162,"{'main': 3461, 'range_min': 2914, 'range_max': 4008}",pos 2
Dark Willow,No Facet,0,142,43.0,45.1,12.4,48.7,36.4,30.8,43.6,43.3,42.1,37% 43% 20%,3.2,MidLateLate+40.0%58.8%33.3%31017,"{'main': 3817, 'range_min': 3141, 'range_max': 4493}",pos 2
Grimstroke,No Facet,0,69,78.3,78.2,7.6,85.1,63.6,87.5,71.4,73.3,94.7,24% 47% 29%,-0.3,MidLateLate+68.8%61.5%80.0%51613,"{'main': 4415, 'range_min': 3691, 'range_max': 5139}",pos 2
Hoodwink,No Facet,0,73,30.1,34.0,12.0,38.2,23.1,0.0,37.5,24.1,29.6,7% 57% 36%,-4.0,MidLateLate+33.3%50.0%100.0%194,"{'main': 3764, 'range_min': 3187, 'range_max': 4341}",pos 2
Snapfire,No Facet,0,209,45.0,52.3,20.3,47.0,43.1,62.5,42.9,45.1,46.3,43% 43% 15%,6.4,MidLateLate+33.3%33.3%20.0%51818,"{'main': 4308, 'range_min': 3667, 'range_max': 4949}",pos 2
Dawnbreaker,No Facet,0,298,46.3,48.8,16.0,48.2,44.7,0.0,52.6,47.1,45.2,19% 50% 31%,-1.2,MidLateLate+39.4%38.7%66.7%93331,"{'main': 4021, 'range_min': 3344, 'range_max': 4698}",pos 2
Muerta,No Facet,0,194,34.5,37.8,9.2,40.8,28.1,33.3,46.2,26.8,36.8,25% 48% 27%,1.1,MidLateLate+33.3%16.7%66.7%63012,"{'main': 4051, 'range_min': 3339, 'range_max': 4763}",pos 2
Pudge,No Facet,3087,4333,54.3,60.4,89.7,59.3,49.4,54.0,54.0,55.3,52.8,23% 44% 33%,-2.0,MidLateLate+55.6%51.7%57.4%101527458,"{'main': 3701, 'range_min': 3016, 'range_max': 4386}",pos 3
Legion Commander,No Facet,3082,7812,54.0,53.1,39.5,58.0,50.1,53.6,52.1,54.4,52.0,26% 45% 30%,-0.7,MidLateLate+55.1%52.6%41.9%160839779,"{'main': 3780, 'range_min': 3112, 'range_max': 4448}",pos 3
Centaur Warrunner,No Facet,3062,4757,49.3,51.4,15.4,54.4,44.3,60.8,46.2,49.8,48.5,16% 50% 34%,-3.2,MidLateLate+46.4%53.1%56.1%139612535,"{'main': 3709, 'range_min': 3087, 'range_max': 4331}",pos 3
Enigma,No Facet,3043,1190,55.5,57.8,8.2,59.3,51.6,62.2,51.2,55.2,59.3,28% 45% 26%,0.3,MidLateLate+58.9%55.0%54.8%31146131,"{'main': 3945, 'range_min': 3283, 'range_max': 4607}",pos 3
Axe,No Facet,3036,9486,50.0,51.1,52.6,54.0,45.9,57.5,47.2,50.3,51.9,22% 45% 32%,-1.8,MidLateLate+49.7%50.9%52.8%2469901054,"{'main': 3840, 'range_min': 3113, 'range_max': 4567}",pos 3
Magnus,No Facet,3035,3968,49.4,49.6,29.5,53.1,45.7,55.7,46.5,49.9,51.0,16% 47% 37%,-3.6,MidLateLate+55.7%46.8%54.1%98393391,"{'main': 3575, 'range_min': 2992, 'range_max': 4158}",pos 3
Necrophos,No Facet,3033,1995,51.8,54.6,27.2,55.7,47.9,49.5,43.8,52.2,54.4,35% 41% 25%,2.4,MidLateLate+58.8%49.7%61.3%31182149,"{'main': 4072, 'range_min': 3254, 'range_max': 4890}",pos 3
Kunkka,No Facet,3026,1287,51.9,52.9,8.8,57.4,46.1,65.5,48.2,53.1,46.6,23% 49% 27%,-1.0,MidLateLate+52.9%52.6%58.1%31136114,"{'main': 3796, 'range_min': 3046, 'range_max': 4546}",pos 3
Void Spirit,No Facet,3025,773,54.2,57.9,13.6,57.3,51.3,63.1,56.0,54.0,52.5,17% 51% 32%,-2.3,MidLateLate+58.7%48.9%60.0%1510488,"{'main': 3731, 'range_min': 3060, 'range_max': 4402}",pos 3
Slardar,No Facet,3018,5934,51.2,51.4,27.8,56.6,45.7,56.0,51.6,50.8,54.1,15% 46% 39%,-4.1,MidLateLate+47.9%50.5%57.2%152837713,"{'main': 3507, 'range_min': 2888, 'range_max': 4126}",pos 3
Clinkz,No Facet,3018,326,46.3,45.4,67.6,53.0,37.9,0.0,47.8,44.1,52.9,28% 40% 32%,-1.6,MidLateLate+51.5%55.9%80.0%53334,"{'main': 3917, 'range_min': 3250, 'range_max': 4584}",pos 3
Underlord,No Facet,3018,2217,50.9,53.4,9.2,53.3,48.4,50.0,43.5,51.4,52.9,18% 51% 31%,-2.5,MidLateLate+53.7%47.9%57.4%61285238,"{'main': 3808, 'range_min': 3159, 'range_max': 4457}",pos 3
Ember Spirit,No Facet,3017,240,50.8,53.4,28.1,53.3,48.3,0.0,37.8,56.3,38.9,16% 45% 39%,-3.9,MidLateLate+58.1%50.0%57.1%73140,"{'main': 3597, 'range_min': 2853, 'range_max': 4341}",pos 3
Viper,No Facet,3007,1963,51.5,53.6,28.3,55.2,47.7,59.6,48.1,51.6,53.3,32% 43% 25%,1.2,MidLateLate+50.0%54.1%52.9%51200218,"{'main': 3861, 'range_min': 3168, 'range_max': 4554}",pos 3
Dawnbreaker,No Facet,3006,2655,48.9,49.0,16.0,52.3,45.8,56.8,48.2,49.4,47.0,18% 52% 29%,-1.8,MidLateLate+55.1%47.1%39.4%66314308,"{'main': 3724, 'range_min': 3115, 'range_max': 4333}",pos 3
Dark Seer,No Facet,3004,907,52.1,53.3,6.4,51.1,53.2,58.3,36.4,53.4,57.6,14% 40% 46%,-5.5,MidLateLate+54.0%53.8%35.0%208791,"{'main': 3771, 'range_min': 3016, 'range_max': 4526}",pos 3
Largo,No Facet,3002,579,48.4,56.0,19.7,51.2,45.5,56.5,49.6,46.9,53.3,18% 40% 42%,-4.0,MidLateLate+47.5%52.1%58.8%175971,"{'main': 3518, 'range_min': 2926, 'range_max': 4110}",pos 3
Tidehunter,No Facet,3000,6808,51.3,50.8,31.9,54.8,48.0,56.9,49.4,51.1,55.2,11% 45% 43%,-5.8,MidLateLate+48.6%52.9%47.7%172934807,"{'main': 3522, 'range_min': 2917, 'range_max': 4127}",pos 3
Nature's Prophet,No Facet,3000,687,48.5,47.4,32.3,53.7,43.7,60.0,49.0,46.1,66.7,10% 45% 45%,-6.0,MidLateLate+53.5%45.4%52.6%1911497,"{'main': 3464, 'range_min': 2925, 'range_max': 4003}",pos 3
Weaver,No Facet,3000,645,51.2,49.6,28.5,55.0,47.4,57.7,57.2,48.1,52.0,23% 49% 29%,-1.7,MidLateLate+49.4%51.9%52.4%218979,"{'main': 3748, 'range_min': 2965, 'range_max': 4531}",pos 3
Timbersaw,No Facet,3000,5201,49.5,50.0,28.2,53.3,45.5,57.7,54.1,49.2,48.2,14% 46% 40%,-4.4,MidLateLate+48.9%51.7%51.3%158638666,"{'main': 3671, 'range_min': 3002, 'range_max': 4340}",pos 3
Brewmaster,No Facet,2998,1367,49.6,58.2,9.7,51.5,47.6,53.8,50.5,49.1,53.2,12% 44% 43%,-5.7,MidLateLate+50.7%49.4%51.4%35150164,"{'main': 3426, 'range_min': 2806, 'range_max': 4046}",pos 3
Lone Druid,No Facet,2996,280,45.0,50.5,14.2,51.6,36.4,47.1,38.5,45.7,55.6,28% 52% 20%,1.2,MidLateLate+39.4%58.6%50.0%03329,"{'main': 3906, 'range_min': 3273, 'range_max': 4539}",pos 3
Doom,No Facet,2994,1525,45.6,48.5,9.4,49.0,42.1,56.7,48.4,44.2,49.4,17% 49% 33%,-3.0,MidLateLate+42.2%53.4%50.0%40166176,"{'main': 3757, 'range_min': 3167, 'range_max': 4347}",pos 3
Slark,No Facet,2990,380,50.8,49.9,30.8,53.7,48.3,58.0,51.6,52.2,40.9,22% 43% 35%,-2.9,MidLateLate+45.5%45.7%80.0%55535,"{'main': 3619, 'range_min': 2762, 'range_max': 4476}",pos 3
Sand King,No Facet,2988,1249,48.8,47.8,9.3,56.1,41.3,61.2,53.0,49.0,44.8,13% 48% 38%,-5.4,MidLateLate+49.0%46.1%61.9%42143128,"{'main': 3534, 'range_min': 2961, 'range_max': 4107}",pos 3
Windranger,No Facet,2987,2285,49.7,49.2,46.7,52.3,47.2,61.5,49.8,49.2,52.7,27% 48% 25%,0.4,MidLateLate+52.6%48.2%38.5%52230272,"{'main': 3906, 'range_min': 3227, 'range_max': 4585}",pos 3
Riki,No Facet,2987,367,47.1,47.4,11.3,54.4,40.0,43.7,47.4,47.8,38.7,21% 49% 30%,-2.0,MidLateLate+48.4%46.7%36.4%113145,"{'main': 3653, 'range_min': 3009, 'range_max': 4297}",pos 3
Beastmaster,No Facet,2985,2314,48.1,47.2,16.1,52.5,43.6,54.7,48.2,48.4,45.3,21% 45% 34%,-2.5,MidLateLate+50.9%48.2%49.1%53234193,"{'main': 3764, 'range_min': 3084, 'range_max': 4444}",pos 3
Bristleback,No Facet,2981,1688,47.0,49.6,8.9,49.9,44.3,56.6,44.8,47.8,41.3,17% 45% 38%,-4.4,MidLateLate+45.2%48.8%52.4%42155160,"{'main': 3860, 'range_min': 3162, 'range_max': 4558}",pos 3
Earth Spirit,No Facet,2980,343,51.3,53.7,9.8,56.0,46.9,57.1,46.4,52.4,66.7,18% 49% 34%,-3.3,MidLateLate+53.1%34.1%50.0%83241,"{'main': 3588, 'range_min': 3006, 'range_max': 4170}",pos 3
Night Stalker,No Facet,2979,3417,50.6,51.1,16.1,54.6,46.7,53.7,49.8,50.9,48.9,20% 50% 30%,-1.6,MidLateLate+47.4%54.7%44.2%95462461,"{'main': 3671, 'range_min': 3061, 'range_max': 4281}",pos 3
Treant Protector,No Facet,2979,467,49.5,49.3,14.7,50.6,48.2,53.7,47.8,50.0,50.0,33% 38% 29%,1.8,MidLateLate+48.4%47.1%16.7%66251,"{'main': 3777, 'range_min': 3084, 'range_max': 4470}",pos 3
Pangolier,No Facet,2977,504,45.2,44.2,6.9,47.5,43.1,52.6,38.3,46.1,47.8,16% 51% 33%,-3.6,MidLateLate+36.4%56.1%43.8%165557,"{'main': 3664, 'range_min': 3125, 'range_max': 4203}",pos 3
Batrider,No Facet,2957,584,43.8,48.2,9.7,45.5,42.2,53.4,37.9,45.0,43.4,11% 45% 43%,-5.9,MidLateLate+32.6%44.4%35.0%208663,"{'main': 3491, 'range_min': 2851, 'range_max': 4131}",pos 3
Omniknight,No Facet,2939,2375,54.0,54.2,14.4,58.9,49.0,64.9,54.2,53.9,54.7,31% 43% 26%,0.6,MidLateLate+62.7%53.6%39.3%28220181,"{'main': 3823, 'range_min': 3091, 'range_max': 4555}",pos 3
Mars,No Facet,2930,8142,47.7,48.0,31.4,51.9,43.5,57.3,49.1,47.8,45.0,13% 49% 39%,-4.7,MidLateLate+49.4%47.8%51.3%2309951091,"{'main': 3500, 'range_min': 2968, 'range_max': 4032}",pos 3
Earthshaker,No Facet,2921,1776,46.5,48.6,27.4,50.9,41.9,55.6,43.9,46.8,48.0,8% 43% 48%,-7.2,MidLateLate+44.9%37.7%51.0%51147191,"{'main': 3331, 'range_min': 2761, 'range_max': 3901}",pos 3
Undying,No Facet,2870,849,48.9,49.3,13.4,52.1,45.9,64.4,49.4,47.7,56.6,36% 38% 26%,1.6,MidLateLate+47.8%52.1%52.9%179273,"{'main': 3866, 'range_min': 3142, 'range_max': 4590}",pos 3
Tusk,No Facet,2821,461,51.2,49.1,17.9,56.5,45.1,76.5,53.4,50.0,54.0,19% 51% 30%,-2.6,MidLateLate+44.4%52.9%50.0%104551,"{'main': 3478, 'range_min': 2856, 'range_max': 4100}",pos 3
Tiny,No Facet,2797,2218,45.8,46.2,35.3,48.5,43.1,52.9,42.8,47.2,43.3,14% 49% 37%,-3.9,MidLateLate+45.2%46.0%45.1%71292326,"{'main': 3535, 'range_min': 2945, 'range_max': 4125}",pos 3
Vengeful Spirit,No Facet,2748,977,51.5,51.3,11.5,53.0,50.0,56.7,50.7,51.4,52.1,13% 45% 42%,-4.5,MidLateLate+47.8%53.3%60.0%20115105,"{'main': 3525, 'range_min': 2919, 'range_max': 4131}",pos 3
Venomancer,No Facet,2740,800,48.0,49.0,31.5,50.8,45.6,0.0,49.4,46.8,50.7,20% 49% 31%,-2.2,MidLateLate+52.7%40.4%45.0%4091114,"{'main': 3631, 'range_min': 2838, 'range_max': 4424}",pos 3
Primal Beast,No Facet,2727,2344,48.1,48.7,12.4,51.5,44.9,55.9,53.6,48.1,42.6,13% 49% 39%,-4.9,MidLateLate+41.0%51.1%53.1%64266317,"{'main': 3495, 'range_min': 2849, 'range_max': 4141}",pos 3
Phoenix,No Facet,2726,1125,50.3,51.8,14.6,56.0,44.4,55.7,50.6,50.7,47.8,24% 44% 32%,-0.9,MidLateLate+50.0%43.0%37.5%32106128,"{'main': 3652, 'range_min': 2897, 'range_max': 4407}",pos 3
Spirit Breaker,No Facet,2721,613,41.8,51.3,31.2,40.6,42.9,0.0,35.4,43.7,42.5,10% 45% 44%,-5.1,MidLateLate+37.7%44.7%62.5%86147,"{'main': 3432, 'range_min': 2854, 'range_max': 4010}",pos 3
Bounty Hunter,No Facet,2626,240,47.5,50.3,15.6,50.9,44.6,0.0,45.9,46.3,56.7,17% 42% 41%,-5.3,MidLateLate+33.3%45.5%50.0%62733,"{'main': 3489, 'range_min': 2771, 'range_max': 4207}",pos 3
Wraith King,No Facet,2604,1299,50.8,52.0,9.2,54.7,47.0,55.3,41.4,51.5,55.5,17% 47% 37%,-4.6,MidLateLate+44.0%54.6%66.7%1811697,"{'main': 3616, 'range_min': 2913, 'range_max': 4319}",pos 3
Razor,No Facet,2568,1103,48.2,49.4,8.7,53.3,43.1,54.0,46.1,49.6,41.2,23% 48% 30%,-1.0,MidLateLate+52.3%45.3%37.1%35109106,"{'main': 3690, 'range_min': 2983, 'range_max': 4397}",pos 3
Abaddon,No Facet,2537,1004,49.2,50.7,18.9,52.1,46.3,45.5,39.5,50.6,46.0,18% 50% 32%,-2.9,MidLateLate+52.6%45.9%46.4%28154111,"{'main': 3584, 'range_min': 2912, 'range_max': 4256}",pos 3
Queen of Pain,No Facet,2504,979,50.4,52.1,45.0,55.8,45.6,62.5,50.3,50.4,50.5,22% 48% 29%,-1.5,MidLateLate+54.2%50.0%50.0%24131136,"{'main': 3567, 'range_min': 2962, 'range_max': 4172}",pos 3
Death Prophet,No Facet,2449,873,49.6,51.1,8.3,52.6,46.7,56.6,53.0,49.2,48.5,36% 45% 19%,2.6,MidLateLate+53.1%47.2%45.0%2098108,"{'main': 4040, 'range_min': 3371, 'range_max': 4709}",pos 3
Visage,No Facet,2426,999,55.3,53.8,10.2,60.3,50.0,62.4,52.7,56.0,51.9,30% 41% 30%,-0.4,MidLateLate+50.5%48.3%58.3%1210787,"{'main': 3977, 'range_min': 3101, 'range_max': 4853}",pos 3
Huskar,No Facet,2397,962,46.3,50.0,48.9,50.4,41.7,45.9,30.4,46.3,53.4,37% 37% 25%,2.3,MidLateLate+45.1%39.5%35.0%2012286,"{'main': 3997, 'range_min': 3230, 'range_max': 4764}",pos 3
Lycan,No Facet,2362,632,50.3,50.9,8.6,54.1,46.8,58.7,41.5,50.4,59.1,20% 42% 38%,-3.0,MidLateLate+53.8%46.0%28.6%76550,"{'main': 3718, 'range_min': 3094, 'range_max': 4342}",pos 3
Nyx Assassin,No Facet,2283,440,51.1,56.0,19.1,57.3,45.0,57.1,43.4,52.7,53.0,21% 45% 34%,-2.1,MidLateLate+59.7%53.0%58.3%126266,"{'main': 3570, 'range_min': 2978, 'range_max': 4162}",pos 3
Chaos Knight,No Facet,2178,1066,48.2,50.2,9.5,52.2,44.3,53.6,41.2,49.5,46.5,17% 48% 36%,-3.1,MidLateLate+49.0%50.6%42.1%1910489,"{'main': 3678, 'range_min': 3093, 'range_max': 4263}",pos 3
Dragon Knight,No Facet,2032,903,46.7,45.2,12.8,51.8,41.3,58.1,52.2,45.8,46.6,23% 48% 29%,-0.3,MidLateLate+49.6%44.3%53.8%2612379,"{'main': 3818, 'range_min': 3159, 'range_max': 4477}",pos 3
Faceless Void,No Facet,1947,408,52.7,57.3,12.1,58.3,47.1,71.4,53.1,54.3,44.1,5% 52% 43%,-6.8,MidLateLate+58.9%62.5%0.0%65648,"{'main': 3411, 'range_min': 2907, 'range_max': 3915}",pos 3
Marci,No Facet,1939,389,52.2,55.5,12.8,52.4,51.9,55.1,54.3,52.8,41.4,34% 35% 30%,1.1,MidLateLate+56.4%50.9%16.7%65555,"{'main': 3833, 'range_min': 3038, 'range_max': 4628}",pos 3
Alchemist,No Facet,1825,452,49.3,46.7,10.7,54.9,43.8,73.3,41.3,55.2,48.0,15% 52% 33%,-3.5,MidLateLate+26.8%41.7%66.7%94136,"{'main': 3460, 'range_min': 2642, 'range_max': 4278}",pos 3
Broodmother,No Facet,1810,1120,52.3,56.8,34.2,56.1,48.7,61.0,56.0,51.7,55.1,17% 39% 44%,-4.8,MidLateLate+57.5%37.5%46.7%158764,"{'main': 3746, 'range_min': 2917, 'range_max': 4575}",pos 3
Ogre Magi,No Facet,1635,575,48.3,52.4,20.7,56.5,39.9,0.0,44.0,49.1,54.3,29% 40% 31%,0.2,MidLateLate+45.0%54.3%33.3%94035,"{'main': 3639, 'range_min': 2877, 'range_max': 4401}",pos 3
Leshrac,No Facet,1397,274,52.6,51.9,15.5,60.4,44.4,50.0,45.3,53.6,60.7,21% 40% 40%,-2.2,MidLateLate+45.5%58.8%50.0%84434,"{'main': 3568, 'range_min': 2861, 'range_max': 4275}",pos 3
Anti-Mage,No Facet,0,133,50.4,49.1,34.6,54.1,45.8,84.6,28.6,52.6,48.3,14% 59% 27%,-4.4,MidLateLate+37.5%45.5%0.0%3811,"{'main': 3492, 'range_min': 2780, 'range_max': 4204}",pos 3
Bloodseeker,No Facet,0,188,54.8,49.7,8.1,54.8,54.7,60.0,46.4,53.0,73.1,30% 43% 27%,-1.9,MidLateLate+60.0%63.6%20.0%51022,"{'main': 3594, 'range_min': 2982, 'range_max': 4206}",pos 3
Juggernaut,No Facet,0,47,44.7,35.1,36.1,50.0,36.8,0.0,33.3,42.4,62.5,21% 42% 37%,-3.5,MidLateLate+40.0%50.0%50.0%01010,"{'main': 3506, 'range_min': 2822, 'range_max': 4190}",pos 3
Mirana,No Facet,0,233,48.1,46.9,11.8,52.7,42.3,63.6,41.6,51.6,56.3,15% 51% 35%,-2.4,MidLateLate+42.3%48.0%25.0%42625,"{'main': 3655, 'range_min': 2991, 'range_max': 4319}",pos 3
Morphling,No Facet,0,90,35.6,39.2,29.3,26.8,42.9,0.0,57.1,34.5,17.6,29% 57% 14%,3.2,MidLateLate+33.3%100.0%66.7%331,"{'main': 3929, 'range_min': 3329, 'range_max': 4529}",pos 3
Shadow Fiend,No Facet,0,122,39.3,43.0,37.6,37.5,41.4,0.0,39.2,40.7,33.3,10% 35% 55%,-9.0,MidLateLate+10.0%62.5%0.0%2108,"{'main': 3039, 'range_min': 2526, 'range_max': 3552}",pos 3
Phantom Lancer,No Facet,0,92,55.4,58.0,38.0,60.9,50.0,0.0,42.9,54.3,87.5,17% 57% 26%,-1.8,MidLateLate+50.0%58.3%100.0%11012,"{'main': 3776, 'range_min': 3256, 'range_max': 4296}",pos 3
Puck,No Facet,0,50,52.0,51.3,25.5,43.5,59.3,0.0,50.0,54.5,46.2,20% 50% 30%,-2.8,MidLateLate+33.3%60.0%0.0%235,"{'main': 4227, 'range_min': 4003, 'range_max': 4451}",pos 3
Storm Spirit,No Facet,0,40,42.5,41.3,17.0,39.1,47.1,0.0,12.5,50.0,50.0,18% 27% 55%,-8.8,MidLateLate+0.0%75.0%100.0%254,"{'main': 3581, 'range_min': 2924, 'range_max': 4238}",pos 3
Sven,No Facet,0,29,41.4,50.0,8.6,37.5,46.2,0.0,25.0,50.0,0.0,50% 33% 17%,2.9,MidLateLate+50.0%0.0%100.0%141,"{'main': 3780, 'range_min': 3025, 'range_max': 4535}",pos 3
Zeus,No Facet,0,117,37.6,38.9,25.6,38.3,37.1,40.0,27.8,40.3,50.0,11% 39% 50%,-8.8,MidLateLate+33.3%50.0%0.0%11216,"{'main': 3246, 'range_min': 2355, 'range_max': 4137}",pos 3
Lina,No Facet,0,36,50.0,40.8,15.1,46.7,52.4,45.5,54.5,45.8,100.0,25% 38% 38%,-3.1,MidLateLate+100.0%80.0%50.0%035,"{'main': 3547, 'range_min': 2824, 'range_max': 4270}",pos 3
Lion,No Facet,0,42,26.2,38.4,47.7,20.8,33.3,0.0,20.0,25.9,40.0,0% 22% 78%,-15.5,MidLateLate+0.0%20.0%50.0%045,"{'main': 2677, 'range_min': 2325, 'range_max': 3029}",pos 3
Tinker,No Facet,0,96,52.1,43.9,38.0,65.4,36.4,0.0,48.5,54.5,50.0,21% 46% 32%,-2.4,MidLateLate+41.7%50.0%100.0%11216,"{'main': 3712, 'range_min': 3017, 'range_max': 4407}",pos 3
Sniper,No Facet,0,116,37.9,37.7,23.9,40.0,35.7,50.0,39.5,33.3,50.0,24% 41% 35%,-2.9,MidLateLate+25.0%40.0%50.0%0125,"{'main': 3123, 'range_min': 2535, 'range_max': 3711}",pos 3
Phantom Assassin,No Facet,0,32,40.6,36.5,14.9,50.0,31.3,0.0,25.0,42.3,50.0,10% 50% 40%,-6.7,MidLateLate+33.3%42.9%50.0%037,"{'main': 3514, 'range_min': 2691, 'range_max': 4337}",pos 3
Pugna,No Facet,0,60,53.3,51.7,11.9,45.5,57.9,0.0,25.0,58.5,54.5,15% 62% 23%,-2.0,MidLateLate+62.5%60.0%50.0%085,"{'main': 3636, 'range_min': 3082, 'range_max': 4190}",pos 3
Dazzle,No Facet,0,111,49.5,55.0,13.5,42.0,55.7,66.7,52.6,51.2,30.0,13% 71% 17%,0.5,MidLateLate+75.0%35.3%50.0%0817,"{'main': 3970, 'range_min': 3378, 'range_max': 4562}",pos 3
Clockwerk,No Facet,0,121,45.5,47.2,13.4,52.4,37.9,0.0,29.4,50.5,30.0,24% 38% 38%,-2.9,MidLateLate+42.9%44.4%83.3%6149,"{'main': 3685, 'range_min': 2930, 'range_max': 4440}",pos 3
Lifestealer,No Facet,0,46,41.3,41.2,14.1,54.2,27.3,0.0,0.0,41.2,45.5,17% 17% 67%,-11.7,MidLateLate+25.0%50.0%50.0%042,"{'main': 3537, 'range_min': 2670, 'range_max': 4404}",pos 3
Enchantress,No Facet,0,161,48.4,52.1,7.0,54.8,43.2,63.0,47.5,48.9,44.4,31% 52% 17%,3.2,MidLateLate+53.3%58.3%50.0%21512,"{'main': 3843, 'range_min': 3295, 'range_max': 4391}",pos 3
Jakiro,No Facet,0,123,41.5,47.2,41.7,51.6,31.1,0.0,44.4,38.4,50.0,14% 54% 32%,-2.5,MidLateLate+30.0%64.3%50.0%41014,"{'main': 3400, 'range_min': 2792, 'range_max': 4008}",pos 3
Spectre,No Facet,0,59,44.1,48.4,20.5,65.0,33.3,0.0,33.3,50.0,0.0,20% 47% 33%,-3.2,MidLateLate+25.0%66.7%0.0%186,"{'main': 3505, 'range_min': 2512, 'range_max': 4498}",pos 3
Ursa,No Facet,0,284,51.8,50.0,36.4,52.8,50.4,63.6,51.6,51.2,54.8,28% 42% 30%,-0.5,MidLateLate+51.6%62.1%57.1%73129,"{'main': 3811, 'range_min': 2997, 'range_max': 4625}",pos 3
Gyrocopter,No Facet,0,62,40.3,41.7,12.2,40.0,40.7,0.0,53.3,37.8,30.0,21% 43% 36%,-0.9,MidLateLate+50.0%33.3%100.0%266,"{'main': 3266, 'range_min': 2135, 'range_max': 4397}",pos 3
Invoker,No Facet,0,121,51.2,41.8,45.3,56.6,47.1,0.0,34.7,58.7,88.9,6% 35% 59%,-9.5,MidLateLate+55.6%66.7%33.3%396,"{'main': 2933, 'range_min': 2639, 'range_max': 3227}",pos 3
Silencer,No Facet,0,23,17.4,31.8,28.9,20.0,15.4,0.0,0.0,14.3,33.3,0% 100% 0%,-0.1,MidLateLate+50.0%100.0%50.0%001,"{'main': 3091, 'range_min': 3091, 'range_max': 3091}",pos 3
Outworld Destroyer,No Facet,0,71,43.7,38.0,21.0,43.3,43.9,0.0,28.6,47.8,40.0,14% 71% 14%,-2.1,MidLateLate+0.0%25.0%100.0%124,"{'main': 3538, 'range_min': 3310, 'range_max': 3766}",pos 3
Meepo,No Facet,0,82,58.5,64.4,20.9,68.9,45.9,66.7,50.0,62.1,42.9,14% 57% 29%,-1.8,MidLateLate+68.8%63.6%0.0%21611,"{'main': 3704, 'range_min': 2967, 'range_max': 4441}",pos 3
Rubick,No Facet,0,273,46.5,48.1,48.8,53.5,40.4,40.0,36.4,48.2,65.4,23% 47% 30%,-1.7,MidLateLate+40.0%47.6%36.4%113042,"{'main': 3536, 'range_min': 2629, 'range_max': 4443}",pos 3
Naga Siren,No Facet,0,29,75.9,66.7,6.9,66.7,85.7,0.0,100.0,64.7,83.3,38% 50% 13%,5.5,MidLateLate+85.7%100.0%50.0%071,"{'main': 3711, 'range_min': 2909, 'range_max': 4513}",pos 3
Keeper of the Light,No Facet,0,76,38.2,38.5,9.0,36.6,40.0,0.0,31.7,48.3,33.3,7% 50% 43%,-7.3,MidLateLate+25.0%60.0%0.0%185,"{'main': 3253, 'range_min': 2538, 'range_max': 3968}",pos 3
Io,No Facet,0,42,45.2,51.7,9.5,73.3,29.6,52.6,42.1,57.9,0.0,0% 50% 50%,-8.8,MidLateLate+20.0%80.0%50.0%055,"{'main': 2999, 'range_min': 2542, 'range_max': 3456}",pos 3
Medusa,No Facet,0,60,50.0,51.1,16.0,54.5,44.4,0.0,40.0,50.0,55.6,25% 50% 25%,3.2,MidLateLate+50.0%33.3%0.0%103,"{'main': 3658, 'range_min': 3547, 'range_max': 3769}",pos 3
Skywrath Mage,No Facet,0,93,51.6,62.3,36.3,48.8,54.0,0.0,36.8,56.8,81.8,28% 36% 36%,-1.2,MidLateLate+60.0%25.0%100.0%2158,"{'main': 3708, 'range_min': 3153, 'range_max': 4263}",pos 3
Elder Titan,No Facet,0,169,53.3,57.2,6.7,50.7,55.3,55.6,46.4,56.3,38.5,9% 58% 32%,-3.4,MidLateLate+50.0%48.1%50.0%101627,"{'main': 3510, 'range_min': 2825, 'range_max': 4195}",pos 3
Techies,No Facet,0,66,40.9,44.1,16.2,46.9,35.3,0.0,40.5,41.7,40.0,7% 40% 53%,-11.4,MidLateLate+40.0%50.0%33.3%3102,"{'main': 3123, 'range_min': 2355, 'range_max': 3891}",pos 3
Terrorblade,No Facet,0,48,56.3,53.8,9.8,72.0,39.1,0.0,55.6,54.3,75.0,17% 67% 17%,0.1,MidLateLate+66.7%0.0%50.0%231,"{'main': 3735, 'range_min': 3444, 'range_max': 4026}",pos 3
Winter Wyvern,No Facet,0,329,57.4,57.9,12.1,57.5,57.4,61.9,57.4,57.2,60.0,17% 45% 38%,-4.5,MidLateLate+57.1%63.6%50.0%42122,"{'main': 3172, 'range_min': 2680, 'range_max': 3664}",pos 3
Monkey King,No Facet,0,230,47.0,51.2,11.3,49.2,44.4,0.0,55.9,43.6,53.3,27% 45% 27%,0.6,MidLateLate+38.5%56.5%83.3%62623,"{'main': 3637, 'range_min': 2858, 'range_max': 4416}",pos 3
Dark Willow,No Facet,0,38,47.4,44.1,12.4,50.0,45.0,0.0,46.2,54.5,0.0,21% 57% 21%,-1.8,MidLateLate+60.0%25.0%0.0%158,"{'main': 3698, 'range_min': 3186, 'range_max': 4210}",pos 3
Hoodwink,No Facet,0,72,50.0,47.9,12.0,47.7,53.6,0.0,45.0,50.0,62.5,20% 60% 20%,1.5,MidLateLate+0.0%55.6%50.0%019,"{'main': 3700, 'range_min': 2804, 'range_max': 4596}",pos 3
Snapfire,No Facet,0,199,34.7,41.2,20.3,41.7,27.1,0.0,26.7,36.0,36.7,8% 59% 33%,-5.7,MidLateLate+39.1%35.5%14.3%72331,"{'main': 3361, 'range_min': 2679, 'range_max': 4043}",pos 3
Muerta,No Facet,0,48,47.9,30.3,9.2,53.1,37.5,0.0,36.4,46.7,71.4,37% 37% 26%,4.4,MidLateLate+55.6%83.3%50.0%496,"{'main': 4343, 'range_min': 3697, 'range_max': 4989}",pos 3
Kez,No Facet,0,178,46.6,46.9,22.7,52.8,40.4,20.0,41.7,50.0,37.5,23% 55% 23%,0.0,MidLateLate+56.3%50.0%33.3%31612,"{'main': 3878, 'range_min': 3254, 'range_max': 4502}",pos 3
Bounty Hunter,No Facet,3220,4113,54.5,64.0,15.6,58.3,50.7,60.6,54.7,53.2,52.2,23% 49% 28%,-0.8,MidLateLate+56.3%55.4%58.3%96575493,"{'main': 2255, 'range_min': 1770, 'range_max': 2740}",pos 4
Spirit Breaker,No Facet,3115,5955,53.5,53.2,31.2,57.5,49.5,59.1,53.3,54.6,54.6,17% 48% 35%,-3.0,MidLateLate+55.2%51.4%51.5%130821726,"{'main': 2259, 'range_min': 1844, 'range_max': 2674}",pos 4
Venomancer,No Facet,3077,2742,52.9,53.4,31.5,56.6,49.2,56.4,52.5,54.4,54.2,19% 47% 34%,-2.4,MidLateLate+57.5%50.5%43.1%72341321,"{'main': 2366, 'range_min': 1883, 'range_max': 2849}",pos 4
Treant Protector,No Facet,3057,930,53.1,53.0,14.7,57.7,48.6,61.0,52.8,53.9,64.3,25% 48% 28%,0.3,MidLateLate+59.3%52.9%36.4%22118119,"{'main': 2119, 'range_min': 1722, 'range_max': 2516}",pos 4
Shadow Shaman,No Facet,3053,2695,52.8,54.9,30.1,57.0,48.7,62.7,52.9,52.9,48.7,22% 43% 35%,-2.6,MidLateLate+54.3%53.2%53.1%64368325,"{'main': 2093, 'range_min': 1653, 'range_max': 2533}",pos 4
Nyx Assassin,No Facet,3049,2546,53.3,53.8,19.1,57.7,49.1,54.3,52.6,55.4,55.1,10% 44% 46%,-6.4,MidLateLate+49.4%54.6%54.7%64324339,"{'main': 2087, 'range_min': 1687, 'range_max': 2487}",pos 4
Lion,No Facet,3043,4262,51.4,52.5,47.7,55.7,47.2,54.2,51.3,51.9,53.3,17% 45% 39%,-4.1,MidLateLate+47.3%55.1%51.3%117488477,"{'main': 2059, 'range_min': 1660, 'range_max': 2458}",pos 4
Crystal Maiden,No Facet,3036,849,51.5,54.2,14.2,59.3,43.6,75.4,51.5,50.3,60.0,24% 40% 36%,-2.1,MidLateLate+50.4%61.8%45.8%24131123,"{'main': 2097, 'range_min': 1663, 'range_max': 2531}",pos 4
Dazzle,No Facet,3024,775,55.7,60.3,13.5,57.7,53.8,56.1,55.4,61.2,40.0,23% 53% 24%,-0.2,MidLateLate+61.1%50.6%56.3%1610885,"{'main': 2069, 'range_min': 1615, 'range_max': 2523}",pos 4
Hoodwink,No Facet,3023,2492,49.3,49.9,12.0,52.5,46.1,59.3,49.9,47.4,36.6,23% 51% 26%,-0.8,MidLateLate+51.8%50.5%46.4%69245309,"{'main': 2135, 'range_min': 1690, 'range_max': 2580}",pos 4
Zeus,No Facet,3022,3493,49.8,59.0,25.6,56.0,43.8,51.5,49.2,51.4,57.6,22% 47% 31%,-1.4,MidLateLate+46.4%53.0%56.9%102336351,"{'main': 2222, 'range_min': 1766, 'range_max': 2678}",pos 4
Witch Doctor,No Facet,3021,1847,49.2,50.0,24.8,53.5,44.7,53.5,48.5,55.4,26.9,20% 53% 27%,-1.5,MidLateLate+49.5%56.0%46.7%45216216,"{'main': 2165, 'range_min': 1630, 'range_max': 2700}",pos 4
Earth Spirit,No Facet,3020,1340,49.9,50.3,9.8,52.7,46.8,51.5,49.5,50.9,66.7,12% 46% 43%,-5.5,MidLateLate+46.8%59.1%35.7%28156159,"{'main': 2137, 'range_min': 1706, 'range_max': 2568}",pos 4
Weaver,No Facet,3016,2816,49.1,48.9,28.5,53.7,44.3,58.2,49.7,45.8,48.1,17% 52% 31%,-2.3,MidLateLate+52.2%49.1%47.3%55314285,"{'main': 2377, 'range_min': 1852, 'range_max': 2902}",pos 4
Undying,No Facet,3014,1111,51.9,52.5,13.4,58.9,45.7,52.9,53.6,44.8,51.9,28% 47% 25%,-0.2,MidLateLate+51.4%50.7%45.8%24105138,"{'main': 2235, 'range_min': 1666, 'range_max': 2804}",pos 4
Ember Spirit,No Facet,3001,260,48.8,47.8,28.1,50.8,46.9,62.9,49.3,42.9,62.5,17% 43% 40%,-6.1,MidLateLate+48.7%50.0%55.6%93938,"{'main': 2221, 'range_min': 1682, 'range_max': 2760}",pos 4
Phoenix,No Facet,3001,1696,52.2,54.4,14.6,54.6,49.9,56.2,52.6,49.5,58.1,19% 47% 34%,-2.8,MidLateLate+48.3%53.9%40.0%45174191,"{'main': 2314, 'range_min': 1775, 'range_max': 2853}",pos 4
Winter Wyvern,No Facet,3001,1256,52.5,53.8,12.1,59.4,45.1,56.8,52.9,49.7,54.8,17% 53% 30%,-2.8,MidLateLate+45.6%54.0%57.1%28103100,"{'main': 1951, 'range_min': 1553, 'range_max': 2349}",pos 4
Clinkz,No Facet,2995,471,47.8,45.5,67.6,50.0,45.5,73.9,47.3,56.8,25.0,32% 51% 18%,1.8,MidLateLate+52.4%44.4%60.0%104245,"{'main': 2460, 'range_min': 2062, 'range_max': 2858}",pos 4
Largo,No Facet,2995,1194,50.3,49.2,19.7,52.7,47.5,63.6,50.6,49.5,47.1,12% 36% 53%,-7.5,MidLateLate+44.4%53.9%57.1%21133115,"{'main': 2019, 'range_min': 1618, 'range_max': 2420}",pos 4
Vengeful Spirit,No Facet,2989,979,50.6,52.6,11.5,53.1,47.6,50.0,50.7,48.4,58.0,14% 43% 43%,-6.1,MidLateLate+50.5%41.6%62.5%169389,"{'main': 1957, 'range_min': 1586, 'range_max': 2328}",pos 4
Clockwerk,No Facet,2989,1473,52.5,52.8,13.4,56.9,48.3,53.1,52.4,52.3,56.4,16% 47% 37%,-3.7,MidLateLate+55.1%52.4%56.0%50198208,"{'main': 2048, 'range_min': 1647, 'range_max': 2449}",pos 4
Ancient Apparition,No Facet,2986,1105,50.4,52.1,17.0,54.7,46.2,54.3,48.8,51.9,64.3,14% 47% 38%,-4.2,MidLateLate+48.8%46.7%50.0%2486107,"{'main': 1942, 'range_min': 1509, 'range_max': 2375}",pos 4
Jakiro,No Facet,2980,2457,47.7,48.5,41.7,52.2,43.0,56.8,48.4,44.1,46.2,28% 48% 24%,0.4,MidLateLate+47.9%46.4%55.9%59267250,"{'main': 2149, 'range_min': 1701, 'range_max': 2597}",pos 4
Tusk,No Facet,2980,2494,49.5,52.3,17.9,55.0,44.3,57.3,49.4,49.2,54.7,19% 43% 38%,-3.4,MidLateLate+50.0%49.4%54.4%57296255,"{'main': 2060, 'range_min': 1671, 'range_max': 2449}",pos 4
Earthshaker,No Facet,2979,2240,48.6,48.7,27.4,52.3,44.6,57.4,48.4,48.8,51.1,11% 41% 48%,-7.1,MidLateLate+45.5%50.6%50.6%79286263,"{'main': 2062, 'range_min': 1671, 'range_max': 2453}",pos 4
Dark Willow,No Facet,2979,2295,50.8,51.6,12.4,54.6,47.3,56.0,50.7,52.3,46.8,21% 47% 31%,-2.3,MidLateLate+49.5%49.5%53.6%69285273,"{'main': 2137, 'range_min': 1679, 'range_max': 2595}",pos 4
Slark,No Facet,2967,416,45.0,45.7,30.8,50.2,40.0,60.0,45.4,43.9,37.5,14% 38% 49%,-6.4,MidLateLate+29.0%37.8%58.3%123137,"{'main': 2068, 'range_min': 1628, 'range_max': 2508}",pos 4
Rubick,No Facet,2966,6707,48.4,47.9,48.8,52.3,44.6,48.2,48.3,48.8,51.8,18% 46% 36%,-3.0,MidLateLate+52.2%47.2%46.8%158726737,"{'main': 2139, 'range_min': 1712, 'range_max': 2566}",pos 4
Riki,No Facet,2960,355,46.2,45.2,11.3,52.8,39.4,50.0,46.7,42.9,55.6,13% 33% 53%,-7.0,MidLateLate+28.8%51.1%62.5%85245,"{'main': 2140, 'range_min': 1651, 'range_max': 2629}",pos 4
Lich,No Facet,2949,1787,50.3,54.4,27.8,53.0,47.5,60.2,48.9,57.1,60.7,21% 41% 38%,-3.1,MidLateLate+48.0%45.2%39.5%38179177,"{'main': 2150, 'range_min': 1670, 'range_max': 2630}",pos 4
Snapfire,No Facet,2930,3571,48.8,49.0,20.3,53.1,44.8,54.7,49.1,47.7,48.8,19% 45% 36%,-3.4,MidLateLate+49.4%48.8%41.1%95433461,"{'main': 2089, 'range_min': 1636, 'range_max': 2542}",pos 4
Nature's Prophet,No Facet,2927,1857,43.0,41.4,32.3,44.5,41.3,49.1,43.4,40.5,44.4,14% 50% 36%,-4.1,MidLateLate+43.5%43.3%44.6%56253224,"{'main': 2407, 'range_min': 1890, 'range_max': 2924}",pos 4
Pudge,No Facet,2918,6453,49.7,49.5,89.7,53.8,45.4,57.2,49.8,47.3,50.0,17% 45% 37%,-3.2,MidLateLate+47.8%48.2%46.7%137760645,"{'main': 2245, 'range_min': 1766, 'range_max': 2724}",pos 4
Skywrath Mage,No Facet,2906,5374,50.0,42.5,36.3,54.0,46.0,57.9,50.5,47.1,48.5,29% 44% 26%,0.6,MidLateLate+50.2%47.9%47.5%158624597,"{'main': 2230, 'range_min': 1764, 'range_max': 2696}",pos 4
Tiny,No Facet,2894,2878,47.9,47.7,35.3,51.9,43.9,57.1,47.8,49.4,44.0,14% 49% 37%,-4.3,MidLateLate+52.9%39.7%48.8%80376348,"{'main': 2135, 'range_min': 1709, 'range_max': 2561}",pos 4
Techies,No Facet,2884,2834,47.2,48.2,16.2,50.5,44.0,52.8,46.2,53.1,45.7,17% 51% 32%,-2.7,MidLateLate+46.7%49.1%50.6%85244279,"{'main': 2320, 'range_min': 1889, 'range_max': 2751}",pos 4
Ringmaster,No Facet,2884,1448,48.8,48.7,12.0,52.0,45.6,54.5,49.2,47.2,40.0,14% 46% 40%,-4.2,MidLateLate+47.0%48.3%45.5%33149143,"{'main': 1982, 'range_min': 1572, 'range_max': 2392}",pos 4
Magnus,No Facet,2863,1246,48.0,50.1,29.5,50.0,46.0,53.1,48.0,48.3,48.1,12% 48% 39%,-4.4,MidLateLate+44.2%41.7%47.4%19120103,"{'main': 2160, 'range_min': 1752, 'range_max': 2568}",pos 4
Mirana,No Facet,2851,2146,50.9,50.6,11.8,54.8,46.9,56.2,51.3,49.6,39.3,20% 48% 31%,-2.2,MidLateLate+50.0%52.2%61.0%59240228,"{'main': 2279, 'range_min': 1805, 'range_max': 2753}",pos 4
Keeper of the Light,No Facet,2826,873,51.8,51.9,9.0,54.1,49.4,58.6,51.0,57.2,44.4,13% 48% 39%,-4.8,MidLateLate+46.2%56.4%63.6%22104117,"{'main': 2218, 'range_min': 1776, 'range_max': 2660}",pos 4
Visage,No Facet,2790,254,52.8,53.1,10.2,60.9,46.0,44.4,52.7,52.4,60.0,31% 50% 19%,2.8,MidLateLate+67.7%52.9%100.0%73134,"{'main': 2539, 'range_min': 1951, 'range_max': 3127}",pos 4
Shadow Demon,No Facet,2762,1433,51.6,52.7,12.2,57.1,45.8,50.6,51.7,52.2,48.1,14% 46% 40%,-4.9,MidLateLate+49.1%49.0%56.0%25173153,"{'main': 1973, 'range_min': 1550, 'range_max': 2396}",pos 4
Invoker,No Facet,2753,2156,53.2,55.6,45.3,57.3,49.0,61.7,53.1,52.9,60.0,16% 44% 40%,-4.3,MidLateLate+52.9%56.9%54.2%48206202,"{'main': 2141, 'range_min': 1743, 'range_max': 2539}",pos 4
Abaddon,No Facet,2751,324,49.1,53.1,18.9,54.8,43.8,45.5,50.3,46.0,58.8,16% 34% 50%,-6.6,MidLateLate+60.6%48.6%33.3%63337,"{'main': 1868, 'range_min': 1420, 'range_max': 2316}",pos 4
Pugna,No Facet,2750,1068,53.2,54.1,11.9,57.9,48.2,62.7,53.8,51.7,50.0,22% 42% 37%,-2.7,MidLateLate+57.7%43.7%39.3%28137119,"{'main': 2144, 'range_min': 1706, 'range_max': 2582}",pos 4
Lina,No Facet,2704,493,50.1,49.0,15.1,52.5,47.5,52.9,49.1,57.3,28.6,30% 51% 20%,1.6,MidLateLate+51.2%68.2%66.7%124144,"{'main': 2385, 'range_min': 1899, 'range_max': 2871}",pos 4
Void Spirit,No Facet,2697,391,47.6,51.0,13.6,48.8,46.0,42.9,45.8,54.4,54.5,6% 48% 47%,-6.5,MidLateLate+47.7%58.8%40.0%154451,"{'main': 2036, 'range_min': 1694, 'range_max': 2378}",pos 4
Sniper,No Facet,2691,1282,46.7,48.1,23.9,50.9,42.3,47.8,45.6,52.5,50.0,36% 47% 17%,2.5,MidLateLate+53.1%53.8%45.0%4096119,"{'main': 2398, 'range_min': 1916, 'range_max': 2880}",pos 4
Windranger,No Facet,2639,3512,47.0,50.9,46.7,50.0,44.1,49.2,46.5,49.1,52.3,22% 50% 29%,-1.1,MidLateLate+43.0%45.9%51.6%95400379,"{'main': 2323, 'range_min': 1853, 'range_max': 2793}",pos 4
Muerta,No Facet,2625,735,49.9,49.8,9.2,53.7,45.6,58.5,49.0,56.3,36.4,19% 50% 31%,-2.2,MidLateLate+50.5%44.7%69.7%3310594,"{'main': 2099, 'range_min': 1693, 'range_max': 2505}",pos 4
Alchemist,No Facet,2579,659,52.0,50.1,10.7,55.7,47.7,57.5,51.2,57.3,46.2,20% 53% 27%,-0.5,MidLateLate+56.4%49.2%50.0%105565,"{'main': 2562, 'range_min': 2115, 'range_max': 3009}",pos 4
Marci,No Facet,2577,515,44.3,40.3,12.8,48.8,39.8,63.0,43.9,46.1,41.7,25% 40% 36%,-2.2,MidLateLate+51.6%46.3%63.6%116454,"{'main': 2137, 'range_min': 1643, 'range_max': 2631}",pos 4
Silencer,No Facet,2529,1752,48.1,52.6,28.9,51.5,44.6,44.9,48.4,47.4,46.3,16% 46% 38%,-3.9,MidLateLate+45.4%43.7%52.2%46174158,"{'main': 2073, 'range_min': 1578, 'range_max': 2568}",pos 4
Ogre Magi,No Facet,2524,1425,49.5,49.7,20.7,55.7,42.9,44.4,49.8,48.3,48.0,17% 41% 41%,-4.2,MidLateLate+45.1%44.4%62.5%16133160,"{'main': 2034, 'range_min': 1567, 'range_max': 2501}",pos 4
Leshrac,No Facet,2519,334,52.4,50.9,15.5,58.9,46.6,70.6,50.6,57.6,75.0,26% 45% 29%,-0.3,MidLateLate+40.0%56.4%50.0%83039,"{'main': 2352, 'range_min': 1864, 'range_max': 2840}",pos 4
Grimstroke,No Facet,2507,769,51.8,56.8,7.6,53.6,50.0,75.0,52.2,50.5,53.8,19% 35% 46%,-5.4,MidLateLate+49.4%47.5%50.0%168161,"{'main': 2093, 'range_min': 1619, 'range_max': 2567}",pos 4
Tinker,No Facet,2496,259,50.6,53.3,38.0,51.1,50.0,68.8,50.5,50.0,60.0,18% 63% 19%,0.4,MidLateLate+59.4%60.0%40.0%53230,"{'main': 2227, 'range_min': 1813, 'range_max': 2641}",pos 4
Elder Titan,No Facet,2495,279,54.5,-,6.7,57.6,51.9,60.0,53.4,64.0,60.0,14% 51% 35%,-3.3,MidLateLate+41.5%52.8%50.0%144153,"{'main': 2189, 'range_min': 1743, 'range_max': 2635}",pos 4
Disruptor,No Facet,2460,1301,49.9,56.5,23.2,55.5,44.5,60.0,49.7,50.4,52.6,9% 50% 42%,-6.5,MidLateLate+53.6%46.2%46.9%32183186,"{'main': 1950, 'range_min': 1523, 'range_max': 2377}",pos 4
Bane,No Facet,2430,549,53.4,54.3,8.4,54.9,51.7,54.9,52.7,57.4,42.9,25% 42% 33%,-1.7,MidLateLate+55.4%50.0%43.8%167472,"{'main': 1984, 'range_min': 1544, 'range_max': 2424}",pos 4
Monkey King,No Facet,2300,316,38.9,37.4,11.3,40.4,37.6,41.4,39.0,41.7,22.2,21% 43% 36%,-3.7,MidLateLate+34.9%45.8%25.0%84324,"{'main': 2200, 'range_min': 1803, 'range_max': 2597}",pos 4
Axe,No Facet,2260,398,44.2,47.1,52.6,51.9,37.4,0.0,45.5,40.7,46.2,28% 42% 30%,-0.1,MidLateLate+36.2%44.2%42.9%74752,"{'main': 2384, 'range_min': 1847, 'range_max': 2921}",pos 4
Queen of Pain,No Facet,2237,728,47.0,51.1,45.0,49.9,44.2,54.5,49.0,41.0,35.7,18% 46% 36%,-3.4,MidLateLate+39.1%49.5%60.0%209291,"{'main': 2117, 'range_min': 1662, 'range_max': 2572}",pos 4
Batrider,No Facet,2101,348,41.1,42.5,9.7,39.0,43.2,38.5,40.9,40.0,55.6,15% 60% 25%,-2.5,MidLateLate+38.9%45.9%50.0%83637,"{'main': 2194, 'range_min': 1760, 'range_max': 2628}",pos 4
Oracle,No Facet,2093,407,49.9,47.3,13.4,49.5,50.3,0.0,50.9,49.0,46.2,18% 42% 40%,-3.6,MidLateLate+61.8%47.7%37.5%85544,"{'main': 1959, 'range_min': 1494, 'range_max': 2424}",pos 4
Warlock,No Facet,2078,753,50.2,48.5,16.3,53.4,47.1,54.2,50.9,47.2,41.7,22% 43% 35%,-3.2,MidLateLate+50.7%54.0%46.2%137350,"{'main': 2093, 'range_min': 1560, 'range_max': 2626}",pos 4
Io,No Facet,2060,395,52.4,44.5,9.5,57.5,46.0,50.0,52.4,52.4,50.0,29% 33% 38%,-1.9,MidLateLate+57.9%48.0%16.7%63825,"{'main': 1898, 'range_min': 1534, 'range_max': 2262}",pos 4
Omniknight,No Facet,1814,477,58.9,56.4,14.4,63.0,54.8,64.9,59.2,55.3,75.0,26% 41% 33%,-1.6,MidLateLate+64.8%67.6%60.0%55434,"{'main': 1956, 'range_min': 1559, 'range_max': 2353}",pos 4
Shadow Fiend,No Facet,0,117,37.6,41.6,37.6,41.0,33.9,40.9,40.0,28.6,0.0,10% 50% 40%,-6.8,MidLateLate+28.6%100.0%50.0%073,"{'main': 2231, 'range_min': 1783, 'range_max': 2679}",pos 4
Razor,No Facet,0,35,48.6,45.6,8.7,50.0,47.8,0.0,57.1,33.3,50.0,25% 25% 50%,-2.9,MidLateLate+0.0%50.0%0.0%130,"{'main': 2392, 'range_min': 1840, 'range_max': 2944}",pos 4
Kunkka,No Facet,0,58,46.6,50.0,8.8,48.0,45.5,0.0,43.6,46.7,75.0,7% 47% 47%,-6.4,MidLateLate+62.5%28.6%50.0%087,"{'main': 2158, 'range_min': 1756, 'range_max': 2560}",pos 4
Slardar,No Facet,0,60,51.7,47.0,27.8,52.6,50.0,0.0,59.1,40.0,75.0,7% 29% 64%,-11.1,MidLateLate+25.0%33.3%50.0%086,"{'main': 2433, 'range_min': 1786, 'range_max': 3080}",pos 4
Tidehunter,No Facet,0,95,43.2,56.5,31.9,44.9,41.3,0.0,41.5,42.4,55.6,5% 57% 38%,-5.7,MidLateLate+33.3%63.6%0.0%2911,"{'main': 2236, 'range_min': 1897, 'range_max': 2575}",pos 4
Enigma,No Facet,0,210,51.4,48.5,8.2,50.0,52.9,69.2,58.2,40.3,38.5,19% 50% 31%,-1.0,MidLateLate+57.1%73.3%33.3%31415,"{'main': 2242, 'range_min': 1692, 'range_max': 2792}",pos 4
Faceless Void,No Facet,0,133,54.1,59.2,12.1,50.0,56.8,50.0,56.8,46.9,60.0,9% 40% 51%,-6.5,MidLateLate+57.1%61.1%66.7%31418,"{'main': 2082, 'range_min': 1607, 'range_max': 2557}",pos 4
Death Prophet,No Facet,0,108,44.4,43.3,8.3,45.6,43.1,58.8,47.1,30.0,50.0,25% 63% 13%,2.2,MidLateLate+60.0%54.5%50.0%0511,"{'main': 2348, 'range_min': 1790, 'range_max': 2906}",pos 4
Viper,No Facet,0,177,49.7,49.5,28.3,49.5,50.0,0.0,54.0,36.2,75.0,33% 42% 24%,3.0,MidLateLate+64.0%58.3%37.5%82512,"{'main': 2513, 'range_min': 1836, 'range_max': 3190}",pos 4
Enchantress,No Facet,0,269,46.5,62.3,7.0,46.9,46.1,39.5,46.4,50.0,0.0,23% 49% 29%,-1.6,MidLateLate+44.7%48.6%42.9%73835,"{'main': 2159, 'range_min': 1685, 'range_max': 2633}",pos 4
Huskar,No Facet,0,172,39.0,46.8,48.9,43.6,33.3,0.0,43.4,29.4,37.5,19% 70% 11%,2.9,MidLateLate+66.7%40.0%25.0%41815,"{'main': 2505, 'range_min': 2077, 'range_max': 2933}",pos 4
Night Stalker,No Facet,0,74,35.1,36.3,16.1,41.9,30.2,0.0,34.3,31.4,75.0,29% 29% 43%,-1.8,MidLateLate+36.8%50.0%100.0%1198,"{'main': 2488, 'range_min': 1842, 'range_max': 3134}",pos 4
Chen,No Facet,0,160,48.1,48.4,6.9,49.4,47.0,50.9,48.9,42.1,,28% 56% 16%,-0.2,MidLateLate+54.5%25.0%0.0%12220,"{'main': 2436, 'range_min': 1898, 'range_max': 2974}",pos 4
Doom,No Facet,0,76,42.1,41.8,9.4,44.7,39.5,0.0,42.6,41.7,50.0,12% 56% 32%,-3.8,MidLateLate+40.0%25.0%0.0%2158,"{'main': 2655, 'range_min': 2156, 'range_max': 3154}",pos 4
Gyrocopter,No Facet,0,394,44.7,46.5,12.2,48.4,41.5,0.0,46.7,32.8,62.5,12% 61% 27%,-2.5,MidLateLate+36.4%51.4%33.3%93335,"{'main': 2113, 'range_min': 1670, 'range_max': 2556}",pos 4
Brewmaster,No Facet,0,84,47.6,46.8,9.7,59.5,38.3,0.0,52.6,38.5,0.0,21% 42% 38%,-4.1,MidLateLate+28.6%33.3%100.0%2715,"{'main': 2307, 'range_min': 1693, 'range_max': 2921}",pos 4
Lone Druid,No Facet,0,46,50.0,48.3,14.2,61.1,42.9,63.2,50.0,60.0,0.0,33% 44% 22%,2.3,MidLateLate+33.3%33.3%50.0%036,"{'main': 2806, 'range_min': 2255, 'range_max': 3357}",pos 4
Chaos Knight,No Facet,0,116,50.9,50.4,9.5,55.6,46.8,65.0,49.5,57.1,50.0,19% 41% 41%,-2.1,MidLateLate+63.6%47.6%50.0%01121,"{'main': 2147, 'range_min': 1734, 'range_max': 2560}",pos 4
Naga Siren,No Facet,0,38,39.5,25.9,6.9,36.8,42.1,0.0,37.9,37.5,100.0,17% 17% 67%,-5.2,MidLateLate+0.0%0.0%100.0%123,"{'main': 2017, 'range_min': 1437, 'range_max': 2597}",pos 4
Centaur Warrunner,No Facet,0,62,32.3,44.1,15.4,32.4,32.1,0.0,18.5,34.6,62.5,24% 41% 35%,-2.4,MidLateLate+20.0%27.3%50.0%2511,"{'main': 2506, 'range_min': 1753, 'range_max': 3259}",pos 4
Timbersaw,No Facet,0,117,36.8,39.8,28.2,36.6,36.8,40.0,46.2,32.8,28.6,11% 44% 44%,-5.8,MidLateLate+36.4%46.2%0.0%31113,"{'main': 2821, 'range_min': 2253, 'range_max': 3389}",pos 4
Legion Commander,No Facet,0,71,36.6,29.1,39.5,51.4,22.2,0.0,55.6,31.1,28.6,11% 26% 63%,-9.9,MidLateLate+25.0%40.0%0.0%1810,"{'main': 2609, 'range_min': 1998, 'range_max': 3220}",pos 4
Underlord,No Facet,0,44,61.4,54.8,9.2,60.9,61.9,0.0,58.8,66.7,100.0,27% 27% 47%,-1.4,MidLateLate+50.0%44.4%100.0%429,"{'main': 2263, 'range_min': 1885, 'range_max': 2641}",pos 4
Terrorblade,No Facet,0,68,38.2,36.1,9.8,44.8,33.3,29.4,39.1,0.0,100.0,11% 33% 56%,-4.4,MidLateLate+40.0%100.0%0.0%153,"{'main': 1918, 'range_min': 1471, 'range_max': 2365}",pos 4
Pangolier,No Facet,0,41,51.2,47.1,6.9,47.6,55.0,0.0,45.8,64.3,50.0,0% 43% 57%,-10.4,MidLateLate+66.7%25.0%50.0%034,"{'main': 1936, 'range_min': 1799, 'range_max': 2073}",pos 4
Mars,No Facet,0,161,50.9,47.8,31.4,54.9,46.8,0.0,53.4,52.1,33.3,15% 41% 44%,-5.3,MidLateLate+40.9%66.7%50.0%82224,"{'main': 2357, 'range_min': 1783, 'range_max': 2931}",pos 4
Dawnbreaker,No Facet,0,252,49.6,59.2,16.0,53.0,45.8,0.0,47.4,51.5,69.2,13% 60% 27%,-2.2,MidLateLate+26.9%46.4%66.7%62628,"{'main': 2351, 'range_min': 1940, 'range_max': 2762}",pos 4
Primal Beast,No Facet,0,61,44.3,42.4,12.4,45.2,43.3,58.3,41.9,40.7,100.0,7% 50% 43%,-3.3,MidLateLate+22.2%50.0%0.0%194,"{'main': 2645, 'range_min': 2115, 'range_max': 3175}",pos 4
Treant Protector,No Facet,3172,2810,53.2,53.9,14.7,56.8,49.1,57.5,53.2,54.6,29.2,41% 47% 12%,5.5,MidLateLate+57.3%51.6%47.9%73377316,"{'main': 2047, 'range_min': 1656, 'range_max': 2438}",pos 5
Venomancer,No Facet,3112,3299,51.7,52.3,31.5,55.7,47.7,56.9,51.9,51.2,40.0,36% 47% 17%,3.5,MidLateLate+58.6%51.8%48.0%98411425,"{'main': 2397, 'range_min': 1906, 'range_max': 2888}",pos 5
Crystal Maiden,No Facet,3083,4014,52.1,54.3,14.2,56.3,48.2,57.4,52.2,50.9,52.1,35% 46% 19%,2.7,MidLateLate+51.2%53.0%58.4%113467504,"{'main': 2005, 'range_min': 1587, 'range_max': 2423}",pos 5
Shadow Shaman,No Facet,3051,4673,51.0,55.0,30.1,54.2,47.9,55.2,51.0,52.1,41.4,34% 47% 19%,2.5,MidLateLate+50.1%53.7%57.0%107633534,"{'main': 2046, 'range_min': 1623, 'range_max': 2469}",pos 5
Dazzle,No Facet,3047,2310,55.3,57.7,13.5,59.4,51.0,64.6,54.9,59.3,48.1,41% 44% 14%,5.1,MidLateLate+59.3%50.9%47.2%53270220,"{'main': 2066, 'range_min': 1694, 'range_max': 2438}",pos 5
Bane,No Facet,3034,1124,52.5,51.8,8.4,56.8,47.9,57.8,52.3,53.5,53.3,33% 49% 17%,2.7,MidLateLate+57.5%55.6%50.0%28146126,"{'main': 2010, 'range_min': 1617, 'range_max': 2403}",pos 5
Tusk,No Facet,3033,2497,50.8,51.0,17.9,55.7,46.1,59.6,50.6,52.2,46.2,36% 47% 17%,3.6,MidLateLate+54.2%50.7%47.1%51299268,"{'main': 2052, 'range_min': 1653, 'range_max': 2451}",pos 5
Phoenix,No Facet,3031,1181,57.1,56.4,14.6,62.0,52.0,57.9,57.6,54.9,46.2,34% 48% 18%,2.7,MidLateLate+55.7%56.3%55.3%38122128,"{'main': 2284, 'range_min': 1743, 'range_max': 2825}",pos 5
Omniknight,No Facet,3026,1345,57.2,58.1,14.4,61.0,53.4,62.8,56.8,60.5,51.9,36% 45% 19%,3.0,MidLateLate+55.6%54.2%35.3%17144120,"{'main': 1905, 'range_min': 1578, 'range_max': 2232}",pos 5
Skywrath Mage,No Facet,3024,1979,47.6,44.7,36.3,49.9,45.4,47.0,47.6,47.3,50.0,44% 45% 11%,6.2,MidLateLate+48.2%57.7%38.8%49199215,"{'main': 2260, 'range_min': 1793, 'range_max': 2727}",pos 5
Io,No Facet,3023,1175,51.7,54.0,9.5,53.9,49.4,59.5,51.1,56.5,50.0,41% 43% 16%,5.0,MidLateLate+56.5%51.4%33.3%15161111,"{'main': 1931, 'range_min': 1526, 'range_max': 2336}",pos 5
Pudge,No Facet,3022,4898,49.2,48.4,89.7,53.9,44.1,50.6,49.1,51.2,56.3,33% 46% 21%,2.1,MidLateLate+51.2%51.0%50.7%136541529,"{'main': 2180, 'range_min': 1708, 'range_max': 2652}",pos 5
Undying,No Facet,3017,2336,50.8,51.9,13.4,53.6,48.0,57.0,50.5,52.3,53.7,46% 41% 13%,5.5,MidLateLate+53.1%47.7%39.5%43262237,"{'main': 2229, 'range_min': 1702, 'range_max': 2756}",pos 5
Winter Wyvern,No Facet,3017,1930,53.2,52.3,12.1,56.8,49.5,59.3,53.3,50.2,61.5,35% 48% 17%,3.3,MidLateLate+58.8%50.2%51.0%49177223,"{'main': 1993, 'range_min': 1614, 'range_max': 2372}",pos 5
Vengeful Spirit,No Facet,3007,1145,50.0,48.9,11.5,51.5,48.3,61.9,49.7,52.0,41.5,23% 52% 25%,-0.3,MidLateLate+47.2%54.7%68.4%19106106,"{'main': 1964, 'range_min': 1566, 'range_max': 2362}",pos 5
Warlock,No Facet,3004,4908,47.8,48.8,16.3,51.6,44.1,55.6,47.9,48.3,36.6,38% 46% 16%,3.9,MidLateLate+54.2%43.9%52.6%137646542,"{'main': 2095, 'range_min': 1629, 'range_max': 2561}",pos 5
Lich,No Facet,3000,5326,51.8,54.7,27.8,55.8,47.9,57.9,51.6,53.5,54.2,37% 43% 20%,3.5,MidLateLate+46.7%53.6%52.9%155570645,"{'main': 2142, 'range_min': 1695, 'range_max': 2589}",pos 5
Lion,No Facet,2998,6605,50.1,50.7,47.7,54.2,46.0,54.7,50.1,51.0,44.1,30% 48% 22%,1.3,MidLateLate+46.5%53.8%48.9%182678785,"{'main': 2008, 'range_min': 1632, 'range_max': 2384}",pos 5
Clockwerk,No Facet,2996,1917,52.3,52.3,13.4,58.8,46.1,56.3,51.7,54.4,55.9,34% 50% 17%,2.7,MidLateLate+49.0%53.4%61.8%55261277,"{'main': 2041, 'range_min': 1620, 'range_max': 2462}",pos 5
Earth Spirit,No Facet,2995,326,47.2,52.8,9.8,49.1,45.1,51.6,47.5,50.0,22.2,13% 60% 26%,-2.0,MidLateLate+50.0%39.1%66.7%93623,"{'main': 2101, 'range_min': 1701, 'range_max': 2501}",pos 5
Ogre Magi,No Facet,2993,3641,51.7,52.3,20.7,56.7,46.5,56.3,51.4,52.5,60.5,34% 47% 19%,2.6,MidLateLate+51.4%47.1%54.7%64428384,"{'main': 2048, 'range_min': 1620, 'range_max': 2476}",pos 5
Tiny,No Facet,2992,568,45.8,46.7,35.3,49.8,42.3,0.0,45.1,47.0,61.5,33% 45% 22%,2.1,MidLateLate+51.9%46.7%35.7%145445,"{'main': 2158, 'range_min': 1766, 'range_max': 2550}",pos 5
Oracle,No Facet,2983,1468,52.6,52.7,13.4,56.3,48.8,53.1,52.3,53.2,54.5,18% 58% 24%,-0.6,MidLateLate+46.7%53.0%42.9%28169117,"{'main': 1964, 'range_min': 1559, 'range_max': 2369}",pos 5
Dark Willow,No Facet,2983,1457,50.1,51.7,12.4,52.3,48.1,50.0,50.6,46.2,60.0,36% 47% 17%,3.3,MidLateLate+49.7%48.1%55.8%43173156,"{'main': 2130, 'range_min': 1637, 'range_max': 2623}",pos 5
Disruptor,No Facet,2978,5228,51.1,51.4,23.2,55.0,47.4,57.6,50.9,51.5,57.1,28% 49% 23%,0.7,MidLateLate+49.1%52.9%49.3%138619663,"{'main': 1933, 'range_min': 1524, 'range_max': 2342}",pos 5
Zeus,No Facet,2977,1670,51.0,58.5,25.6,55.5,46.3,54.2,50.5,53.1,53.3,39% 45% 16%,3.8,MidLateLate+45.1%50.8%48.6%35162183,"{'main': 2260, 'range_min': 1796, 'range_max': 2724}",pos 5
Witch Doctor,No Facet,2976,4196,50.1,49.6,24.8,54.3,46.1,54.3,50.1,51.5,40.4,40% 45% 15%,4.6,MidLateLate+50.4%47.8%49.0%102413450,"{'main': 2159, 'range_min': 1701, 'range_max': 2617}",pos 5
Ancient Apparition,No Facet,2976,2954,49.3,51.1,17.0,53.8,44.8,50.3,48.6,51.8,58.1,29% 45% 25%,0.4,MidLateLate+45.8%50.9%52.7%93277330,"{'main': 1947, 'range_min': 1518, 'range_max': 2376}",pos 5
Spirit Breaker,No Facet,2975,980,48.2,46.2,31.2,51.7,44.9,56.3,49.0,44.7,50.0,25% 48% 28%,0.1,MidLateLate+47.1%47.6%46.7%15104103,"{'main': 2267, 'range_min': 1799, 'range_max': 2735}",pos 5
Nature's Prophet,No Facet,2965,811,42.0,42.0,32.3,44.8,39.5,36.4,43.2,34.7,50.0,30% 50% 20%,1.4,MidLateLate+48.6%36.8%42.9%2110995,"{'main': 2393, 'range_min': 1892, 'range_max': 2894}",pos 5
Largo,No Facet,2964,2038,48.3,51.5,19.7,53.1,43.0,48.8,48.6,44.6,73.3,25% 45% 30%,-0.5,MidLateLate+49.3%44.7%61.9%42215190,"{'main': 1992, 'range_min': 1612, 'range_max': 2372}",pos 5
Rubick,No Facet,2960,2238,47.5,47.0,48.8,51.1,43.7,52.9,45.8,53.0,50.0,30% 49% 22%,1.5,MidLateLate+45.6%49.8%44.4%54263235,"{'main': 2156, 'range_min': 1701, 'range_max': 2611}",pos 5
Ringmaster,No Facet,2935,1961,50.6,50.5,12.0,54.3,46.9,57.7,50.4,51.8,50.0,35% 47% 18%,3.0,MidLateLate+52.6%49.2%52.9%51230183,"{'main': 1987, 'range_min': 1542, 'range_max': 2432}",pos 5
Abaddon,No Facet,2912,952,49.6,52.8,18.9,53.9,45.9,57.9,48.9,51.9,45.2,29% 51% 20%,0.8,MidLateLate+50.8%55.7%50.0%1412279,"{'main': 1881, 'range_min': 1503, 'range_max': 2259}",pos 5
Snapfire,No Facet,2891,2373,47.2,48.3,20.3,52.1,42.8,49.7,47.1,46.8,55.6,32% 48% 20%,2.2,MidLateLate+45.3%47.8%38.2%55296270,"{'main': 2111, 'range_min': 1665, 'range_max': 2557}",pos 5
Magnus,No Facet,2885,823,50.9,50.5,29.5,53.5,48.6,62.9,52.2,47.0,29.4,27% 46% 27%,-0.8,MidLateLate+52.7%43.0%41.7%127479,"{'main': 2137, 'range_min': 1685, 'range_max': 2589}",pos 5
Jakiro,No Facet,2845,7386,48.0,49.1,41.7,51.9,44.1,56.6,47.7,50.9,37.8,43% 43% 13%,5.4,MidLateLate+47.8%46.2%46.7%195951874,"{'main': 2108, 'range_min': 1675, 'range_max': 2541}",pos 5
Silencer,No Facet,2838,3183,47.2,47.3,28.9,51.1,43.1,51.9,46.4,48.5,56.7,33% 48% 19%,2.8,MidLateLate+43.1%43.9%60.7%84385369,"{'main': 2061, 'range_min': 1621, 'range_max': 2501}",pos 5
Pugna,No Facet,2801,1265,51.5,51.5,11.9,52.9,50.2,57.5,50.5,56.6,51.4,38% 48% 14%,4.1,MidLateLate+54.6%49.3%52.2%23163148,"{'main': 2117, 'range_min': 1679, 'range_max': 2555}",pos 5
Shadow Demon,No Facet,2771,1722,50.3,50.4,12.2,53.6,47.2,56.3,50.5,49.4,53.2,27% 48% 25%,0.5,MidLateLate+51.6%53.1%35.9%39155162,"{'main': 1949, 'range_min': 1560, 'range_max': 2338}",pos 5
Elder Titan,No Facet,2753,492,54.9,54.6,6.7,56.1,53.6,56.4,55.7,49.2,50.0,37% 44% 19%,3.0,MidLateLate+51.2%71.9%54.2%244189,"{'main': 2113, 'range_min': 1675, 'range_max': 2551}",pos 5
Mirana,No Facet,2739,851,51.0,50.2,11.8,54.7,47.5,63.6,49.9,57.6,50.0,31% 51% 18%,1.9,MidLateLate+44.2%49.6%57.9%19104113,"{'main': 2200, 'range_min': 1767, 'range_max': 2633}",pos 5
Keeper of the Light,No Facet,2730,287,47.0,50.0,9.0,55.2,36.1,52.5,46.4,51.1,40.0,34% 44% 22%,2.2,MidLateLate+53.3%48.1%40.0%54527,"{'main': 2153, 'range_min': 1747, 'range_max': 2559}",pos 5
Grimstroke,No Facet,2654,904,46.0,46.9,7.6,50.6,41.6,49.6,46.4,43.1,52.2,27% 45% 28%,-0.2,MidLateLate+37.2%47.2%50.0%2286106,"{'main': 2048, 'range_min': 1619, 'range_max': 2477}",pos 5
Windranger,No Facet,2619,1096,44.3,46.0,46.7,49.1,38.8,50.0,44.1,46.5,40.0,34% 47% 18%,2.9,MidLateLate+38.8%44.3%47.1%3498106,"{'main': 2331, 'range_min': 1791, 'range_max': 2871}",pos 5
Tinker,No Facet,2588,291,50.5,54.9,38.0,53.3,48.1,60.0,50.2,54.8,33.3,49% 46% 4%,8.4,MidLateLate+61.5%37.0%60.0%53927,"{'main': 2254, 'range_min': 1935, 'range_max': 2573}",pos 5
Invoker,No Facet,2587,677,49.6,53.1,45.3,52.5,47.0,54.8,49.0,52.4,55.6,18% 51% 32%,-1.8,MidLateLate+44.7%40.0%55.6%98560,"{'main': 2083, 'range_min': 1740, 'range_max': 2426}",pos 5
Muerta,No Facet,2568,195,45.1,45.7,9.2,51.0,39.2,0.0,46.8,42.4,25.0,36% 48% 16%,3.3,MidLateLate+46.9%35.5%50.0%63231,"{'main': 2148, 'range_min': 1720, 'range_max': 2576}",pos 5
Weaver,No Facet,2563,1132,48.8,53.5,28.5,51.7,45.6,60.3,49.7,44.0,37.5,32% 45% 23%,1.8,MidLateLate+39.6%43.8%42.1%199680,"{'main': 2323, 'range_min': 1806, 'range_max': 2840}",pos 5
Marci,No Facet,2553,594,47.0,45.3,12.8,49.5,44.6,46.2,47.5,42.5,66.7,37% 48% 15%,3.8,MidLateLate+57.4%41.7%61.5%136884,"{'main': 2114, 'range_min': 1617, 'range_max': 2611}",pos 5
Sniper,No Facet,2530,410,46.6,50.1,23.9,46.3,46.9,50.9,46.1,46.7,66.7,48% 36% 16%,7.2,MidLateLate+48.6%34.0%18.2%113747,"{'main': 2395, 'range_min': 1900, 'range_max': 2890}",pos 5
Techies,No Facet,2506,1710,47.0,46.2,16.2,52.4,42.0,48.7,46.5,50.8,51.6,33% 47% 20%,2.6,MidLateLate+56.4%45.9%48.3%58149209,"{'main': 2351, 'range_min': 1880, 'range_max': 2822}",pos 5
Hoodwink,No Facet,2467,1225,50.4,50.1,12.0,54.0,46.7,53.9,50.4,50.9,46.7,39% 45% 16%,4.6,MidLateLate+51.6%52.1%39.3%28128117,"{'main': 2116, 'range_min': 1649, 'range_max': 2583}",pos 5
Bounty Hunter,No Facet,2450,759,56.8,52.9,15.6,64.1,49.9,62.3,56.9,55.9,56.3,37% 47% 16%,3.9,MidLateLate+57.5%57.9%31.3%16120114,"{'main': 2211, 'range_min': 1736, 'range_max': 2686}",pos 5
Alchemist,No Facet,2430,603,52.4,48.0,10.7,60.1,44.1,59.7,52.8,50.6,50.0,34% 44% 22%,1.9,MidLateLate+45.6%50.9%45.5%116855,"{'main': 2530, 'range_min': 2078, 'range_max': 2982}",pos 5
Chen,No Facet,2419,928,54.3,57.7,6.9,60.3,47.9,60.0,53.4,66.2,50.0,47% 40% 12%,6.7,MidLateLate+62.1%48.4%71.4%21161122,"{'main': 2414, 'range_min': 1982, 'range_max': 2846}",pos 5
Nyx Assassin,No Facet,2267,629,49.0,54.7,19.1,50.8,47.3,47.1,46.0,55.6,51.9,19% 50% 31%,-2.4,MidLateLate+40.6%46.0%52.6%196463,"{'main': 2150, 'range_min': 1725, 'range_max': 2575}",pos 5
Axe,No Facet,2102,313,47.6,50.7,52.6,48.1,47.1,38.5,46.0,56.1,37.5,46% 41% 13%,7.1,MidLateLate+46.4%38.7%50.0%42831,"{'main': 2225, 'range_min': 1786, 'range_max': 2664}",pos 5
Earthshaker,No Facet,1916,417,48.2,48.2,27.4,51.8,44.2,52.0,45.7,54.1,51.3,22% 53% 24%,-1.2,MidLateLate+40.5%43.6%40.0%104239,"{'main': 2014, 'range_min': 1528, 'range_max': 2500}",pos 5
Enchantress,No Facet,1834,580,47.2,46.5,7.0,51.9,42.5,52.2,46.7,52.3,30.0,52% 34% 14%,6.6,MidLateLate+46.7%51.0%40.0%106051,"{'main': 2111, 'range_min': 1722, 'range_max': 2500}",pos 5
Anti-Mage,No Facet,0,36,22.2,19.1,34.6,23.8,20.0,0.0,25.0,31.3,12.5,17% 67% 17%,-2.0,MidLateLate+25.0%50.0%0.0%142,"{'main': 2763, 'range_min': 2240, 'range_max': 3286}",pos 5
Razor,No Facet,0,38,47.4,46.7,8.7,54.5,37.5,0.0,50.0,33.3,50.0,64% 27% 9%,7.9,MidLateLate+60.0%40.0%100.0%155,"{'main': 2515, 'range_min': 2049, 'range_max': 2981}",pos 5
Sven,No Facet,0,57,49.1,54.3,8.6,70.0,37.8,0.0,51.1,40.0,,20% 60% 20%,-1.7,MidLateLate+25.0%100.0%50.0%046,"{'main': 1860, 'range_min': 1342, 'range_max': 2378}",pos 5
Lina,No Facet,0,316,48.7,52.4,15.1,49.4,47.9,57.1,49.8,47.6,28.6,43% 38% 19%,3.7,MidLateLate+44.4%53.3%50.0%41815,"{'main': 2330, 'range_min': 1802, 'range_max': 2858}",pos 5
Tidehunter,No Facet,0,61,49.2,38.9,31.9,54.8,43.3,0.0,46.5,46.7,100.0,29% 53% 18%,1.6,MidLateLate+28.6%37.5%100.0%278,"{'main': 1880, 'range_min': 1624, 'range_max': 2136}",pos 5
Riki,No Facet,0,107,47.7,43.5,11.3,51.8,43.1,25.0,52.7,38.5,16.7,19% 45% 35%,-3.2,MidLateLate+16.7%50.0%80.0%51214,"{'main': 2092, 'range_min': 1693, 'range_max': 2491}",pos 5
Enigma,No Facet,0,102,50.0,55.2,8.2,51.7,47.7,0.0,49.2,56.3,33.3,21% 79% 0%,4.2,MidLateLate+62.5%25.0%66.7%384,"{'main': 2351, 'range_min': 2002, 'range_max': 2700}",pos 5
Queen of Pain,No Facet,0,221,51.6,52.9,45.0,59.5,42.9,0.0,52.3,50.0,42.9,38% 46% 15%,3.4,MidLateLate+51.9%55.6%12.5%82718,"{'main': 2250, 'range_min': 1802, 'range_max': 2698}",pos 5
Faceless Void,No Facet,0,83,44.6,38.9,12.1,51.4,39.1,45.0,43.1,43.8,55.6,6% 50% 44%,-7.5,MidLateLate+30.0%50.0%0.0%2106,"{'main': 2120, 'range_min': 1807, 'range_max': 2433}",pos 5
Death Prophet,No Facet,0,58,48.3,53.8,8.3,53.6,43.3,70.6,49.0,42.9,,20% 53% 27%,1.6,MidLateLate+42.9%33.3%50.0%276,"{'main': 2129, 'range_min': 1576, 'range_max': 2682}",pos 5
Viper,No Facet,0,143,40.6,69.8,28.3,43.4,37.3,44.4,40.0,46.4,20.0,48% 39% 13%,7.4,MidLateLate+28.6%68.8%50.0%0716,"{'main': 2431, 'range_min': 1980, 'range_max': 2882}",pos 5
Leshrac,No Facet,0,141,41.1,43.0,15.5,49.3,31.8,0.0,40.0,48.1,33.3,44% 56% 0%,7.8,MidLateLate+50.0%43.8%50.0%41616,"{'main': 2512, 'range_min': 2065, 'range_max': 2959}",pos 5
Clinkz,No Facet,0,146,43.8,40.1,67.6,50.0,38.2,0.0,43.3,47.6,40.0,30% 36% 33%,1.2,MidLateLate+35.3%50.0%0.0%41712,"{'main': 2577, 'range_min': 2084, 'range_max': 3070}",pos 5
Huskar,No Facet,0,169,39.1,37.5,48.9,36.1,41.9,0.0,43.8,30.8,20.0,50% 23% 27%,4.5,MidLateLate+31.3%20.0%50.0%01610,"{'main': 2399, 'range_min': 1875, 'range_max': 2923}",pos 5
Batrider,No Facet,0,169,43.2,43.1,9.7,53.6,32.9,0.0,40.5,51.4,50.0,26% 53% 21%,0.3,MidLateLate+23.5%50.0%66.7%31718,"{'main': 2193, 'range_min': 1790, 'range_max': 2596}",pos 5
Doom,No Facet,0,51,51.0,47.2,9.4,57.7,44.0,0.0,61.1,22.2,40.0,29% 41% 29%,0.1,MidLateLate+50.0%40.0%50.0%0125,"{'main': 2441, 'range_min': 1847, 'range_max': 3035}",pos 5
Gyrocopter,No Facet,0,213,43.7,46.3,12.2,42.2,45.2,0.0,43.0,47.6,33.3,29% 55% 16%,-0.0,MidLateLate+51.9%63.2%80.0%52719,"{'main': 2085, 'range_min': 1709, 'range_max': 2461}",pos 5
Brewmaster,No Facet,0,46,43.5,43.7,9.7,44.0,42.9,0.0,43.2,44.4,,21% 36% 43%,-4.5,MidLateLate+20.0%33.3%33.3%356,"{'main': 1969, 'range_min': 1613, 'range_max': 2325}",pos 5
Chaos Knight,No Facet,0,92,46.7,56.7,9.5,44.4,48.9,50.0,46.2,58.3,0.0,21% 42% 38%,-1.4,MidLateLate+66.7%33.3%33.3%3912,"{'main': 2039, 'range_min': 1558, 'range_max': 2520}",pos 5
Naga Siren,No Facet,0,88,47.7,47.0,6.9,47.7,47.7,64.7,46.7,50.0,66.7,10% 55% 35%,-5.3,MidLateLate+35.7%25.0%0.0%2144,"{'main': 1856, 'range_min': 1506, 'range_max': 2206}",pos 5
Visage,No Facet,0,136,50.7,56.3,10.2,53.6,47.8,65.2,48.4,71.4,,44% 33% 22%,2.5,MidLateLate+33.3%69.2%50.0%81513,"{'main': 2540, 'range_min': 1813, 'range_max': 3267}",pos 5
Slark,No Facet,0,192,47.9,41.5,30.8,52.7,43.4,58.8,50.0,45.0,42.9,38% 38% 23%,0.6,MidLateLate+34.6%70.0%33.3%32610,"{'main': 2341, 'range_min': 1766, 'range_max': 2916}",pos 5
Centaur Warrunner,No Facet,0,42,31.0,45.7,15.4,32.0,29.4,0.0,34.4,33.3,0.0,41% 41% 18%,5.2,MidLateLate+33.3%33.3%0.0%296,"{'main': 2483, 'range_min': 2224, 'range_max': 2742}",pos 5
Timbersaw,No Facet,0,41,43.9,49.3,28.2,46.7,42.3,41.7,40.0,40.0,80.0,15% 69% 15%,-0.0,MidLateLate+50.0%50.0%50.0%41210,"{'main': 2129, 'range_min': 1653, 'range_max': 2605}",pos 5
Ember Spirit,No Facet,0,120,50.0,51.1,28.1,59.6,41.3,81.8,54.4,38.5,25.0,33% 33% 33%,1.9,MidLateLate+50.0%50.0%100.0%21210,"{'main': 2171, 'range_min': 1610, 'range_max': 2732}",pos 5
Underlord,No Facet,0,59,61.0,58.2,9.2,54.5,69.2,66.7,63.3,50.0,,17% 57% 26%,1.4,MidLateLate+80.0%64.7%0.0%1517,"{'main': 2047, 'range_min': 1736, 'range_max': 2358}",pos 5
Terrorblade,No Facet,0,37,37.8,33.3,9.8,29.4,45.0,0.0,50.0,0.0,66.7,29% 29% 43%,-5.8,MidLateLate+25.0%50.0%0.0%142,"{'main': 1879, 'range_min': 1566, 'range_max': 2192}",pos 5
Monkey King,No Facet,0,82,20.7,30.1,11.3,19.5,22.0,0.0,23.7,9.5,50.0,20% 48% 32%,-2.3,MidLateLate+6.7%33.3%25.0%4156,"{'main': 2210, 'range_min': 1475, 'range_max': 2945}",pos 5
Void Spirit,No Facet,0,106,44.3,49.7,13.6,49.1,38.8,47.1,44.0,53.8,0.0,17% 57% 26%,-3.2,MidLateLate+14.3%50.0%100.0%1148,"{'main': 1964, 'range_min': 1593, 'range_max': 2335}",pos 5
Mars,No Facet,0,77,48.1,41.7,31.4,51.4,45.0,0.0,46.9,43.5,80.0,27% 40% 33%,-2.1,MidLateLate+57.1%25.0%100.0%178,"{'main': 1721, 'range_min': 1135, 'range_max': 2307}",pos 5
Dawnbreaker,No Facet,0,186,44.6,50.4,16.0,48.4,40.7,53.8,43.8,50.0,25.0,37% 39% 25%,1.8,MidLateLate+29.6%42.3%50.0%42726,"{'main': 2205, 'range_min': 1764, 'range_max': 2646}",pos 5
