Rank,Role,Hero,D2PT Rating,Matches,Win Rate,WR 9500+ MMR,Contest Rate,Radiant,Dire,Expert,1st Phase,2nd Phase,Lastpick,Networth@10
#1,pos 1,Bloodseeker,3434,3572,53.8,53.5% 1878 -0.3%,37.0,56.9,50.6,59.4% (791),49.8,54.2,54.2,"{'main': 4304, 'range_min': 3621, 'range_max': 4987}"
#2,pos 1,Alchemist,3410,4966,53.0,54.6% 2624 +1.6%,58.6,53.8,52.3,57.7% (911),50.7,53.8,53.3,"{'main': 5572, 'range_min': 4658, 'range_max': 6486}"
#3,pos 1,Spectre,3336,4539,52.5,53.9% 2029 +1.4%,63.6,53.8,51.3,57.6% (625),51.1,52.8,53.3,"{'main': 3912, 'range_min': 3259, 'range_max': 4566}"
#4,pos 1,Marci,3095,280,58.2,57.5% 113 -0.7%,19.5,55.0,60.6,74.1% (27),65.5,51.8,48.1,"{'main': 4814, 'range_min': 3798, 'range_max': 5829}"
#5,pos 1,Medusa,3086,885,52.7,46.4% 343 -6.3%,14.0,52.8,52.5,62.4% (93),65.0,54.6,50.6,"{'main': 4489, 'range_min': 3808, 'range_max': 5170}"
#6,pos 1,Bristleback,3082,686,53.8,56.1% 431 +2.4%,30.4,56.8,50.9,45.1% (71),55.9,54.6,51.3,"{'main': 4612, 'range_min': 3787, 'range_max': 5438}"
#7,pos 1,Kez,3077,1458,51.9,52.6% 641 +0.7%,43.4,52.4,51.4,56.9% (527),53.1,52.2,47.2,"{'main': 4493, 'range_min': 3728, 'range_max': 5257}"
#8,pos 1,Meepo,3034,171,56.1,55.1% 69 -1.1%,14.7,64.0,50.0,61.8% (34),40.0,57.4,56.7,"{'main': 4590, 'range_min': 3804, 'range_max': 5376}"
#9,pos 1,Morphling,3027,4293,50.9,50.5% 1930 -0.4%,55.3,52.3,49.6,58.2% (907),48.4,51.7,49.6,"{'main': 4439, 'range_min': 3742, 'range_max': 5137}"
#10,pos 1,Clinkz,3024,92,56.5,55.3% 38 -1.3%,6.0,53.7,58.8,0.0% (0),42.9,59.0,54.2,"{'main': 4432, 'range_min': 3700, 'range_max': 5164}"
#11,pos 1,Night Stalker,3023,96,55.2,54.5% 66 -0.7%,33.7,55.1,55.3,58.3% (12),50.0,55.9,56.5,"{'main': 4395, 'range_min': 3648, 'range_max': 5143}"
#12,pos 1,Doom,3009,50,56.0,59.4% 32 +3.4%,32.0,60.9,51.9,0.0% (0),25.0,56.5,60.9,"{'main': 4579, 'range_min': 3793, 'range_max': 5366}"
#13,pos 1,Ursa,3009,1655,50.4,50.1% 531 -0.3%,19.6,51.7,49.1,53.3% (152),52.0,51.1,49.3,"{'main': 4387, 'range_min': 3607, 'range_max': 5167}"
#14,pos 1,Slark,3008,1038,51.0,51.7% 474 +0.7%,13.0,52.1,49.9,55.6% (99),42.2,51.4,51.3,"{'main': 4225, 'range_min': 3425, 'range_max': 5025}"
#15,pos 1,Lycan,3005,196,52.0,47.1% 119 -5.0%,35.9,53.2,51.0,0.0% (0),51.6,50.7,58.6,"{'main': 4276, 'range_min': 3560, 'range_max': 4992}"
#16,pos 1,Tiny,3002,238,52.9,53.1% 143 +0.2%,36.1,53.7,52.1,72.7% (11),53.8,52.0,55.1,"{'main': 4168, 'range_min': 3601, 'range_max': 4735}"
#17,pos 1,Wraith King,3002,138,51.4,47.6% 63 -3.8%,5.8,50.0,52.9,0.0% (0),40.0,47.6,61.4,"{'main': 4274, 'range_min': 3587, 'range_max': 4961}"
#18,pos 1,Chaos Knight,3002,140,50.7,46.6% 58 -4.2%,6.3,55.3,45.3,0.0% (0),25.0,51.9,54.9,"{'main': 4449, 'range_min': 3697, 'range_max': 5201}"
#19,pos 1,Magnus,3001,379,51.2,51.2% 215 -0.0%,51.4,53.6,48.7,68.4% (19),49.4,50.5,54.3,"{'main': 4611, 'range_min': 3920, 'range_max': 5303}"
#20,pos 1,Lone Druid,3000,59,45.8,48.3% 29 +2.5%,16.1,48.4,42.9,0.0% (0),33.3,50.0,45.5,"{'main': 4499, 'range_min': 3766, 'range_max': 5233}"
#21,pos 1,Riki,2995,84,50.0,52.8% 36 +2.8%,8.8,51.1,48.6,0.0% (0),53.8,50.0,47.6,"{'main': 4251, 'range_min': 3508, 'range_max': 4995}"
#22,pos 1,Beastmaster,2995,60,48.3,44.7% 38 -3.6%,35.1,57.6,37.0,0.0% (0),45.5,40.0,71.4,"{'main': 4461, 'range_min': 3529, 'range_max': 5394}"
#23,pos 1,Broodmother,2993,320,50.0,50.9% 212 +0.9%,29.2,47.6,52.7,58.1% (31),34.8,53.1,46.7,"{'main': 4448, 'range_min': 3498, 'range_max': 5398}"
#24,pos 1,Abaddon,2992,63,60.3,63.0% 27 +2.6%,26.3,61.1,59.3,0.0% (0),61.1,60.6,58.3,"{'main': 4287, 'range_min': 3455, 'range_max': 5120}"
#25,pos 1,Phantom Lancer,2991,146,50.0,46.8% 47 -3.2%,6.1,47.5,51.8,0.0% (0),44.4,45.2,58.5,"{'main': 4293, 'range_min': 3520, 'range_max': 5067}"
#26,pos 1,Drow Ranger,2990,1112,49.9,49.8% 414 -0.2%,15.0,52.7,47.1,56.5% (62),47.6,51.6,47.5,"{'main': 4450, 'range_min': 3655, 'range_max': 5245}"
#27,pos 1,Naga Siren,2982,68,42.6,44.1% 34 +1.5%,5.7,51.4,32.3,0.0% (0),0.0,46.4,51.6,"{'main': 4144, 'range_min': 3321, 'range_max': 4968}"
#28,pos 1,Sniper,2977,79,43.0,45.5% 44 +2.4%,20.5,39.5,47.2,60.0% (10),11.1,50.0,42.3,"{'main': 4381, 'range_min': 3616, 'range_max': 5147}"
#29,pos 1,Pudge,2970,70,35.7,32.1% 28 -3.6%,75.7,25.8,43.6,0.0% (0),37.5,37.0,27.3,"{'main': 4177, 'range_min': 2873, 'range_max': 5480}"
#30,pos 1,Sven,2970,150,46.0,48.4% 64 +2.4%,5.7,43.7,48.1,0.0% (0),30.8,51.4,43.1,"{'main': 4298, 'range_min': 3635, 'range_max': 4962}"
#31,pos 1,Earthshaker,2963,77,37.7,34.9% 43 -2.8%,43.7,35.9,39.5,0.0% (0),31.3,39.1,40.0,"{'main': 4196, 'range_min': 3364, 'range_max': 5028}"
#32,pos 1,Muerta,2963,245,46.5,50.5% 107 +3.9%,20.2,45.9,47.4,56.0% (25),35.1,47.9,50.0,"{'main': 4480, 'range_min': 3735, 'range_max': 5225}"
#33,pos 1,Razor,2961,275,46.9,49.1% 114 +2.2%,10.1,47.7,46.0,0.0% (0),63.6,46.3,46.1,"{'main': 4419, 'range_min': 3729, 'range_max': 5110}"
#34,pos 1,Troll Warlord,2960,302,48.0,50.4% 127 +2.4%,6.6,48.4,47.7,56.8% (37),30.8,46.1,51.8,"{'main': 4264, 'range_min': 3497, 'range_max': 5030}"
#35,pos 1,Faceless Void,2959,254,46.1,49.5% 101 +3.4%,6.5,44.6,47.6,60.0% (10),36.7,45.6,49.5,"{'main': 3862, 'range_min': 3173, 'range_max': 4551}"
#36,pos 1,Terrorblade,2944,1233,50.0,48.5% 687 -1.5%,15.5,52.3,47.7,52.3% (88),44.9,52.1,47.7,"{'main': 4461, 'range_min': 3737, 'range_max': 5184}"
#37,pos 1,Luna,2938,179,44.7,42.0% 69 -2.7%,7.4,50.0,39.3,0.0% (0),36.1,44.1,56.3,"{'main': 4329, 'range_min': 3508, 'range_max': 5150}"
#38,pos 1,Shadow Fiend,2936,402,45.5,47.1% 119 +1.5%,16.9,45.5,45.5,44.4% (36),45.6,45.2,46.3,"{'main': 4639, 'range_min': 3752, 'range_max': 5527}"
#39,pos 1,Weaver,2935,296,49.0,50.4% 121 +1.4%,9.2,52.4,45.8,39.3% (56),63.6,42.6,56.5,"{'main': 4457, 'range_min': 3721, 'range_max': 5193}"
#40,pos 1,Nature's Prophet,2926,233,43.3,45.3% 117 +2.0%,11.2,47.8,39.2,42.1% (19),37.0,45.9,43.5,"{'main': 4301, 'range_min': 3533, 'range_max': 5069}"
#41,pos 1,Huskar,2904,87,25.3,22.5% 40 -2.8%,33.1,29.3,21.7,0.0% (0),33.3,24.4,22.6,"{'main': 3833, 'range_min': 3181, 'range_max': 4485}"
#42,pos 1,Lifestealer,2903,1338,48.7,49.7% 572 +1.0%,18.3,47.9,49.4,55.4% (56),43.2,47.7,50.3,"{'main': 4272, 'range_min': 3603, 'range_max': 4941}"
#43,pos 1,Monkey King,2900,772,48.1,46.4% 306 -1.7%,23.0,49.2,46.9,56.6% (83),51.4,46.0,49.8,"{'main': 4398, 'range_min': 3706, 'range_max': 5091}"
#44,pos 1,Juggernaut,2875,682,46.6,45.1% 233 -1.6%,12.2,44.8,48.6,50.0% (24),38.1,46.6,48.8,"{'main': 4474, 'range_min': 3665, 'range_max': 5284}"
#45,pos 1,Anti-Mage,2832,1706,48.1,47.6% 645 -0.5%,23.6,48.1,48.1,45.2% (62),38.1,47.2,50.3,"{'main': 4228, 'range_min': 3472, 'range_max': 4983}"
#46,pos 1,Dragon Knight,2821,2697,48.8,46.3% 1265 -2.5%,38.5,51.1,46.7,55.8% (163),48.9,49.1,47.9,"{'main': 4594, 'range_min': 3924, 'range_max': 5265}"
#47,pos 1,Phantom Assassin,2819,4858,49.8,48.2% 2280 -1.7%,49.3,50.3,49.4,57.6% (738),45.5,50.5,49.6,"{'main': 4484, 'range_min': 3722, 'range_max': 5247}"
#48,pos 1,Templar Assassin,2786,1176,46.8,45.8% 594 -1.0%,15.3,47.9,45.7,56.4% (55),44.3,45.6,49.9,"{'main': 4617, 'range_min': 3905, 'range_max': 5329}"
#49,pos 1,Gyrocopter,2775,1517,46.9,47.9% 749 +1.0%,15.7,47.2,46.7,52.9% (34),39.8,47.6,47.2,"{'main': 4693, 'range_min': 3924, 'range_max': 5461}"
#50,pos 1,Venomancer,2383,779,32.2,31.7% 344 -0.5%,21.8,33.3,30.9,70.0% (10),35.2,29.4,29.7,"{'main': 4292, 'range_min': 3575, 'range_max': 5008}"
#51,pos 1,Axe,0,23,30.4,42.9% 7 +12.4%,24.4,33.3,28.6,0.0% (0),28.6,33.3,28.6,"{'main': 3579, 'range_min': 2786, 'range_max': 4372}"
#52,pos 1,Bane,0,1,0.0,0.0% 1 +0.0%,7.3,0.0,0.0,0.0% (0),0.0,0.0,0.0,"{'main': 0, 'range_min': 0, 'range_max': 0}"
#53,pos 1,Crystal Maiden,0,4,25.0,0.0% 1 -25.0%,13.3,0.0,33.3,0.0% (0),0.0,33.3,0.0,"{'main': 2610, 'range_min': 1809, 'range_max': 3411}"
#54,pos 1,Mirana,0,10,30.0,0.0% 2 -30.0%,6.7,50.0,0.0,0.0% (0),50.0,25.0,0.0,"{'main': 4784, 'range_min': 3497, 'range_max': 6070}"
#55,pos 1,Puck,0,4,25.0,33.3% 3 +8.3%,38.0,25.0,0.0,0.0% (0),100.0,0.0,0.0,"{'main': 1267, 'range_min': 1267, 'range_max': 1267}"
#56,pos 1,Sand King,0,4,25.0,0.0% 0 -25.0%,11.6,50.0,0.0,0.0% (0),100.0,0.0,0.0,"{'main': 4035, 'range_min': 3293, 'range_max': 4777}"
#57,pos 1,Storm Spirit,0,9,66.7,80.0% 5 +13.3%,16.3,60.0,75.0,0.0% (0),33.3,75.0,100.0,"{'main': 3716, 'range_min': 3274, 'range_max': 4159}"
#58,pos 1,Vengeful Spirit,0,40,45.0,38.5% 13 -6.5%,11.1,45.5,44.4,0.0% (0),57.1,33.3,58.3,"{'main': 4009, 'range_min': 3300, 'range_max': 4719}"
#59,pos 1,Windranger,0,40,47.5,53.8% 13 +6.3%,8.0,45.5,50.0,0.0% (0),66.7,52.2,27.3,"{'main': 4647, 'range_min': 3677, 'range_max': 5618}"
#60,pos 1,Zeus,0,12,16.7,0.0% 7 -16.7%,44.8,0.0,25.0,0.0% (0),12.5,0.0,50.0,"{'main': 3667, 'range_min': 2365, 'range_max': 4970}"
#61,pos 1,Kunkka,0,2,50.0,0.0% 0 -50.0%,5.9,50.0,0.0,0.0% (0),0.0,0.0,100.0,"{'main': 5286, 'range_min': 4948, 'range_max': 5624}"
#62,pos 1,Lina,0,44,36.4,53.3% 15 +17.0%,83.8,33.3,40.0,0.0% (0),40.7,18.2,50.0,"{'main': 3934, 'range_min': 3076, 'range_max': 4791}"
#63,pos 1,Lich,0,6,16.7,0.0% 4 -16.7%,83.4,25.0,0.0,0.0% (0),16.7,0.0,0.0,"{'main': 2321, 'range_min': 2071, 'range_max': 2570}"
#64,pos 1,Lion,0,16,31.3,0.0% 3 -31.3%,47.3,37.5,25.0,0.0% (0),45.5,0.0,0.0,"{'main': 3913, 'range_min': 2953, 'range_max': 4873}"
#65,pos 1,Shadow Shaman,0,2,0.0,0.0% 0 +0.0%,19.9,0.0,0.0,0.0% (0),0.0,0.0,0.0,"{'main': 2457, 'range_min': 2077, 'range_max': 2837}"
#66,pos 1,Slardar,0,7,42.9,25.0% 4 -17.9%,7.0,60.0,0.0,0.0% (0),0.0,66.7,50.0,"{'main': 4045, 'range_min': 3707, 'range_max': 4384}"
#67,pos 1,Tidehunter,0,28,46.4,41.7% 12 -4.8%,19.5,37.5,58.3,0.0% (0),50.0,41.7,50.0,"{'main': 4227, 'range_min': 3408, 'range_max': 5046}"
#68,pos 1,Witch Doctor,0,5,20.0,0.0% 4 -20.0%,15.6,33.3,0.0,0.0% (0),0.0,0.0,33.3,"{'main': 4028, 'range_min': 4028, 'range_max': 4028}"
#69,pos 1,Enigma,0,24,41.7,50.0% 16 +8.3%,14.9,50.0,33.3,0.0% (0),0.0,41.2,60.0,"{'main': 3709, 'range_min': 3411, 'range_max': 4007}"
#70,pos 1,Tinker,0,10,10.0,33.3% 3 +23.3%,14.6,0.0,12.5,0.0% (0),20.0,0.0,0.0,"{'main': 3145, 'range_min': 2786, 'range_max': 3503}"
#71,pos 1,Necrophos,0,18,50.0,60.0% 5 +10.0%,7.4,60.0,46.2,0.0% (0),0.0,50.0,50.0,"{'main': 4267, 'range_min': 3585, 'range_max': 4950}"
#72,pos 1,Warlock,0,3,33.3,0.0% 1 -33.3%,7.6,50.0,0.0,0.0% (0),33.3,0.0,0.0,"{'main': 3469, 'range_min': 2567, 'range_max': 4371}"
#73,pos 1,Queen of Pain,0,13,53.8,40.0% 5 -13.8%,35.2,42.9,66.7,0.0% (0),0.0,55.6,66.7,"{'main': 4284, 'range_min': 2779, 'range_max': 5790}"
#74,pos 1,Death Prophet,0,3,33.3,50.0% 2 +16.7%,5.8,50.0,0.0,0.0% (0),100.0,0.0,0.0,"{'main': 4187, 'range_min': 4187, 'range_max': 4187}"
#75,pos 1,Pugna,0,5,0.0,0.0% 3 +0.0%,14.0,0.0,0.0,0.0% (0),0.0,0.0,0.0,"{'main': 2960, 'range_min': 2778, 'range_max': 3141}"
#76,pos 1,Viper,0,19,42.1,44.4% 9 +2.3%,10.8,33.3,50.0,0.0% (0),66.7,27.3,60.0,"{'main': 4048, 'range_min': 3083, 'range_max': 5012}"
#77,pos 1,Dazzle,0,4,25.0,50.0% 2 +25.0%,6.6,0.0,33.3,0.0% (0),0.0,0.0,100.0,"{'main': 3490, 'range_min': 1845, 'range_max': 5135}"
#78,pos 1,Clockwerk,0,2,0.0,0.0% 1 +0.0%,38.1,0.0,0.0,0.0% (0),0.0,0.0,0.0,"{'main': 1980, 'range_min': 1980, 'range_max': 1980}"
#79,pos 1,Leshrac,0,6,33.3,33.3% 3 +0.0%,8.8,0.0,40.0,0.0% (0),50.0,0.0,50.0,"{'main': 3207, 'range_min': 1781, 'range_max': 4633}"
#80,pos 1,Dark Seer,0,3,0.0,0.0% 1 +0.0%,6.1,0.0,0.0,0.0% (0),0.0,0.0,0.0,"{'main': 3163, 'range_min': 3032, 'range_max': 3293}"
#81,pos 1,Omniknight,0,8,62.5,50.0% 4 -12.5%,8.0,57.1,100.0,0.0% (0),0.0,66.7,100.0,"{'main': 4493, 'range_min': 3944, 'range_max': 5043}"
#82,pos 1,Enchantress,0,4,0.0,0.0% 4 +0.0%,7.9,0.0,0.0,0.0% (0),0.0,0.0,0.0,"{'main': 0, 'range_min': 0, 'range_max': 0}"
#83,pos 1,Bounty Hunter,0,7,0.0,0.0% 3 +0.0%,31.2,0.0,0.0,0.0% (0),0.0,0.0,0.0,"{'main': 3811, 'range_min': 2873, 'range_max': 4749}"
#84,pos 1,Jakiro,0,27,88.9,94.4% 18 +5.6%,11.6,92.3,85.7,0.0% (0),100.0,87.5,77.8,"{'main': 4162, 'range_min': 3039, 'range_max': 5285}"
#85,pos 1,Batrider,0,7,42.9,25.0% 4 -17.9%,14.2,33.3,50.0,0.0% (0),0.0,50.0,66.7,"{'main': 3462, 'range_min': 2591, 'range_max': 4334}"
#86,pos 1,Chen,0,3,33.3,100.0% 1 +66.7%,7.0,0.0,50.0,0.0% (0),0.0,0.0,50.0,"{'main': 2507, 'range_min': 2388, 'range_max': 2626}"
#87,pos 1,Ancient Apparition,0,4,25.0,25.0% 4 +0.0%,8.4,0.0,33.3,0.0% (0),0.0,0.0,50.0,"{'main': 0, 'range_min': 0, 'range_max': 0}"
#88,pos 1,Spirit Breaker,0,3,0.0,0.0% 2 +0.0%,14.5,0.0,0.0,0.0% (0),0.0,0.0,0.0,"{'main': 2559, 'range_min': 2559, 'range_max': 2559}"
#89,pos 1,Invoker,0,13,30.8,22.2% 9 -8.5%,37.0,28.6,33.3,0.0% (0),0.0,40.0,28.6,"{'main': 4234, 'range_min': 3362, 'range_max': 5105}"
#90,pos 1,Silencer,0,32,28.1,10.0% 10 -18.1%,16.5,25.0,30.0,18.2% (11),11.1,31.3,42.9,"{'main': 4106, 'range_min': 3355, 'range_max': 4857}"
#91,pos 1,Outworld Destroyer,0,2,50.0,0.0% 0 -50.0%,11.0,50.0,0.0,0.0% (0),0.0,0.0,100.0,"{'main': 4390, 'range_min': 3481, 'range_max': 5299}"
#92,pos 1,Brewmaster,0,13,23.1,66.7% 3 +43.6%,8.6,0.0,37.5,25.0% (12),0.0,10.0,66.7,"{'main': 3829, 'range_min': 3189, 'range_max': 4469}"
#93,pos 1,Shadow Demon,0,8,12.5,0.0% 1 -12.5%,29.4,0.0,16.7,0.0% (0),50.0,0.0,0.0,"{'main': 2718, 'range_min': 1844, 'range_max': 3592}"
#94,pos 1,Treant Protector,0,8,12.5,0.0% 3 -12.5%,6.1,25.0,0.0,0.0% (0),50.0,0.0,0.0,"{'main': 2902, 'range_min': 2093, 'range_max': 3711}"
#95,pos 1,Ogre Magi,0,15,40.0,50.0% 6 +10.0%,37.7,42.9,37.5,0.0% (0),40.0,25.0,100.0,"{'main': 3386, 'range_min': 2178, 'range_max': 4593}"
#96,pos 1,Undying,0,6,0.0,0.0% 3 +0.0%,11.4,0.0,0.0,0.0% (0),0.0,0.0,0.0,"{'main': 3266, 'range_min': 1419, 'range_max': 5113}"
#97,pos 1,Rubick,0,4,50.0,100.0% 1 +50.0%,37.9,66.7,0.0,0.0% (0),0.0,100.0,0.0,"{'main': 2972, 'range_min': 1549, 'range_max': 4394}"
#98,pos 1,Disruptor,0,5,20.0,0.0% 2 -20.0%,13.0,25.0,0.0,0.0% (0),0.0,0.0,50.0,"{'main': 2124, 'range_min': 1769, 'range_max': 2479}"
#99,pos 1,Nyx Assassin,0,39,30.8,10.0% 10 -20.8%,71.7,20.0,42.1,0.0% (0),33.3,25.0,33.3,"{'main': 3265, 'range_min': 2619, 'range_max': 3911}"
#100,pos 1,Keeper of the Light,0,2,0.0,0.0% 2 +0.0%,8.1,0.0,0.0,0.0% (0),0.0,0.0,0.0,"{'main': 0, 'range_min': 0, 'range_max': 0}"
#101,pos 1,Io,0,7,14.3,25.0% 4 +10.7%,13.2,20.0,0.0,0.0% (0),20.0,0.0,0.0,"{'main': 3697, 'range_min': 2746, 'range_max': 4648}"
#102,pos 1,Visage,0,3,33.3,0.0% 1 -33.3%,17.1,50.0,0.0,0.0% (0),100.0,0.0,0.0,"{'main': 4408, 'range_min': 3916, 'range_max': 4899}"
#103,pos 1,Centaur Warrunner,0,6,16.7,25.0% 4 +8.3%,7.8,25.0,0.0,0.0% (0),0.0,50.0,0.0,"{'main': 3751, 'range_min': 2395, 'range_max': 5106}"
#104,pos 1,Timbersaw,0,18,50.0,83.3% 6 +33.3%,23.1,50.0,50.0,0.0% (0),50.0,100.0,38.5,"{'main': 3832, 'range_min': 3289, 'range_max': 4374}"
#105,pos 1,Tusk,0,3,66.7,0.0% 1 -66.7%,17.3,100.0,0.0,0.0% (0),0.0,100.0,50.0,"{'main': 4719, 'range_min': 4438, 'range_max': 4999}"
#106,pos 1,Skywrath Mage,0,2,0.0,0.0% 1 +0.0%,7.5,0.0,0.0,0.0% (0),0.0,0.0,0.0,"{'main': 2088, 'range_min': 2088, 'range_max': 2088}"
#107,pos 1,Elder Titan,0,4,0.0,0.0% 1 +0.0%,8.3,0.0,0.0,0.0% (0),0.0,0.0,0.0,"{'main': 3192, 'range_min': 2596, 'range_max': 3788}"
#108,pos 1,Legion Commander,0,37,40.5,41.2% 17 +0.6%,25.4,53.8,33.3,0.0% (0),66.7,44.0,22.2,"{'main': 3598, 'range_min': 2805, 'range_max': 4391}"
#109,pos 1,Ember Spirit,0,24,41.7,40.0% 15 -1.7%,17.4,50.0,37.5,0.0% (0),50.0,33.3,57.1,"{'main': 4556, 'range_min': 4010, 'range_max': 5102}"
#110,pos 1,Earth Spirit,0,2,50.0,100.0% 1 +50.0%,14.9,100.0,0.0,0.0% (0),0.0,100.0,0.0,"{'main': 3798, 'range_min': 3798, 'range_max': 3798}"
#111,pos 1,Phoenix,0,10,50.0,33.3% 6 -16.7%,31.7,25.0,66.7,0.0% (0),50.0,50.0,50.0,"{'main': 4513, 'range_min': 4284, 'range_max': 4742}"
#112,pos 1,Oracle,0,4,25.0,33.3% 3 +8.3%,9.2,0.0,33.3,0.0% (0),50.0,0.0,0.0,"{'main': 2364, 'range_min': 2364, 'range_max': 2364}"
#113,pos 1,Techies,0,8,0.0,0.0% 2 +0.0%,8.5,0.0,0.0,0.0% (0),0.0,0.0,0.0,"{'main': 3725, 'range_min': 2811, 'range_max': 4639}"
#114,pos 1,Winter Wyvern,0,7,14.3,20.0% 5 +5.7%,9.1,0.0,20.0,0.0% (0),0.0,25.0,0.0,"{'main': 1911, 'range_min': 1671, 'range_max': 2150}"
#115,pos 1,Arc Warden,0,22,40.9,0.0% 5 -40.9%,9.6,53.8,22.2,0.0% (0),0.0,50.0,45.5,"{'main': 3848, 'range_min': 2981, 'range_max': 4715}"
#116,pos 1,Underlord,0,0,0.0,0.0% 0 +0.0%,6.1,0.0,0.0,0.0% (0),0.0,0.0,0.0,"{'main': 0, 'range_min': 0, 'range_max': 0}"
#117,pos 1,Pangolier,0,12,33.3,25.0% 8 -8.3%,13.1,0.0,44.4,0.0% (0),0.0,42.9,33.3,"{'main': 4251, 'range_min': 3488, 'range_max': 5013}"
#118,pos 1,Dark Willow,0,18,44.4,45.5% 11 +1.0%,15.6,40.0,50.0,0.0% (0),0.0,50.0,66.7,"{'main': 4394, 'range_min': 3687, 'range_max': 5101}"
#119,pos 1,Grimstroke,0,3,66.7,66.7% 3 +0.0%,7.8,100.0,50.0,0.0% (0),50.0,100.0,0.0,"{'main': 0, 'range_min': 0, 'range_max': 0}"
#120,pos 1,Mars,0,1,100.0,0.0% 0 -100.0%,17.3,0.0,100.0,0.0% (0),0.0,0.0,100.0,"{'main': 4097, 'range_min': 4097, 'range_max': 4097}"
#121,pos 1,Void Spirit,0,39,28.2,27.8% 18 -0.4%,7.7,23.5,31.8,0.0% (0),12.5,29.2,42.9,"{'main': 4115, 'range_min': 3377, 'range_max': 4853}"
#122,pos 1,Snapfire,0,7,14.3,0.0% 3 -14.3%,7.0,0.0,20.0,0.0% (0),20.0,0.0,0.0,"{'main': 3369, 'range_min': 2047, 'range_max': 4690}"
#123,pos 1,Hoodwink,0,1,100.0,0.0% 0 -100.0%,11.8,0.0,100.0,0.0% (0),0.0,0.0,100.0,"{'main': 4050, 'range_min': 4050, 'range_max': 4050}"
#124,pos 1,Dawnbreaker,0,49,42.9,35.0% 20 -7.9%,44.0,50.0,36.0,0.0% (0),66.7,45.5,30.8,"{'main': 4217, 'range_min': 3302, 'range_max': 5132}"
#125,pos 1,Primal Beast,0,3,33.3,33.3% 3 +0.0%,9.8,33.3,0.0,0.0% (0),0.0,50.0,0.0,"{'main': 0, 'range_min': 0, 'range_max': 0}"
#126,pos 1,Ringmaster,0,0,0.0,0.0% 0 +0.0%,12.5,0.0,0.0,0.0% (0),0.0,0.0,0.0,"{'main': 0, 'range_min': 0, 'range_max': 0}"
#1,pos 2,Ember Spirit,3301,2477,53.6,53.2% 1313 -0.3%,17.4,55.8,51.4,54.8% (427),50.4,54.3,53.5,"{'main': 4125, 'range_min': 3392, 'range_max': 4859}"
#2,pos 2,Earthshaker,3230,2405,53.1,55.7% 1211 +2.6%,43.7,54.8,51.4,57.0% (272),46.0,52.0,54.7,"{'main': 4193, 'range_min': 3479, 'range_max': 4906}"
#3,pos 2,Puck,3218,3111,52.5,53.8% 1455 +1.3%,38.0,54.9,50.1,61.3% (416),44.1,52.2,52.9,"{'main': 4174, 'range_min': 3506, 'range_max': 4843}"
#4,pos 2,Monkey King,3183,1693,53.2,53.7% 920 +0.5%,23.0,53.8,52.6,60.3% (317),53.3,52.9,53.3,"{'main': 4328, 'range_min': 3512, 'range_max': 5145}"
#5,pos 2,Earth Spirit,3180,1514,53.8,53.5% 898 -0.4%,14.9,54.1,53.6,50.2% (207),43.2,53.8,55.9,"{'main': 4129, 'range_min': 3409, 'range_max': 4849}"
#6,pos 2,Broodmother,3093,711,54.1,52.3% 342 -1.8%,29.2,57.1,51.1,60.3% (156),55.2,51.3,54.9,"{'main': 4643, 'range_min': 3671, 'range_max': 5615}"
#7,pos 2,Viper,3072,407,55.8,56.6% 182 +0.8%,10.8,59.2,52.0,60.0% (10),37.5,55.2,56.3,"{'main': 4302, 'range_min': 3612, 'range_max': 4991}"
#8,pos 2,Marci,3047,217,55.3,51.6% 64 -3.7%,19.5,56.8,53.5,63.1% (65),57.8,55.2,50.0,"{'main': 4210, 'range_min': 3288, 'range_max': 5133}"
#9,pos 2,Meepo,3034,342,52.6,51.1% 137 -1.5%,14.7,50.5,55.0,56.8% (162),27.3,49.1,54.4,"{'main': 4594, 'range_min': 3854, 'range_max': 5334}"
#10,pos 2,Bristleback,3032,94,59.6,56.9% 51 -2.7%,30.4,58.3,60.9,85.0% (20),83.3,55.2,53.2,"{'main': 4613, 'range_min': 3908, 'range_max': 5318}"
#11,pos 2,Arc Warden,3032,242,54.1,54.1% 74 -0.1%,9.6,61.7,47.2,60.8% (74),64.5,57.7,50.0,"{'main': 4531, 'range_min': 3626, 'range_max': 5436}"
#12,pos 2,Clinkz,3031,81,60.5,55.3% 38 -5.2%,6.0,59.1,62.2,60.0% (10),70.0,54.1,64.7,"{'main': 4528, 'range_min': 4033, 'range_max': 5022}"
#13,pos 2,Lycan,3025,310,52.6,48.8% 129 -3.7%,35.9,51.5,54.0,58.9% (56),47.4,54.7,52.8,"{'main': 4361, 'range_min': 3662, 'range_max': 5061}"
#14,pos 2,Lone Druid,3025,371,51.5,52.1% 142 +0.6%,16.1,56.8,47.0,60.2% (176),53.1,45.4,55.0,"{'main': 4690, 'range_min': 3930, 'range_max': 5449}"
#15,pos 2,Keeper of the Light,3021,431,51.7,52.5% 219 +0.8%,8.1,47.7,56.0,67.7% (130),52.8,49.7,53.0,"{'main': 4806, 'range_min': 4077, 'range_max': 5535}"
#16,pos 2,Dazzle,3019,54,59.3,73.9% 23 +14.7%,6.6,57.1,61.5,80.8% (26),20.0,53.8,66.7,"{'main': 4661, 'range_min': 4084, 'range_max': 5238}"
#17,pos 2,Leshrac,3019,428,51.4,44.2% 156 -7.2%,8.8,52.3,50.5,65.6% (32),50.0,45.7,54.0,"{'main': 4493, 'range_min': 3765, 'range_max': 5222}"
#18,pos 2,Kunkka,3018,98,53.1,58.7% 46 +5.6%,5.9,51.1,54.7,66.7% (15),33.3,43.5,59.1,"{'main': 4490, 'range_min': 3695, 'range_max': 5285}"
#19,pos 2,Nyx Assassin,3018,155,53.5,54.5% 66 +1.0%,71.7,52.5,54.7,0.0% (0),56.3,52.1,52.5,"{'main': 4158, 'range_min': 3487, 'range_max': 4829}"
#20,pos 2,Visage,3018,214,52.3,47.0% 83 -5.3%,17.1,52.4,52.3,66.2% (71),38.9,56.0,53.2,"{'main': 4487, 'range_min': 3471, 'range_max': 5503}"
#21,pos 2,Kez,3016,1040,51.3,49.4% 472 -2.0%,43.4,51.1,51.6,54.4% (360),48.2,53.9,54.6,"{'main': 4375, 'range_min': 3610, 'range_max': 5140}"
#22,pos 2,Rubick,3014,260,52.3,55.1% 89 +2.7%,37.9,52.7,51.9,0.0% (0),52.8,52.7,51.9,"{'main': 4112, 'range_min': 3494, 'range_max': 4730}"
#23,pos 2,Doom,3009,77,53.2,54.1% 37 +0.8%,32.0,54.3,52.4,0.0% (0),25.0,40.0,60.4,"{'main': 4531, 'range_min': 3806, 'range_max': 5256}"
#24,pos 2,Primal Beast,3009,331,51.4,47.6% 168 -3.7%,9.8,50.0,52.9,63.3% (30),31.6,53.8,52.1,"{'main': 4378, 'range_min': 3644, 'range_max': 5112}"
#25,pos 2,Dawnbreaker,3004,131,50.4,42.6% 61 -7.8%,44.0,55.7,45.7,0.0% (0),41.7,46.0,57.9,"{'main': 4422, 'range_min': 3660, 'range_max': 5183}"
#26,pos 2,Pugna,3002,58,44.8,51.9% 27 +7.0%,14.0,44.0,45.5,0.0% (0),41.7,37.0,57.9,"{'main': 4176, 'range_min': 3279, 'range_max': 5073}"
#27,pos 2,Batrider,2997,124,50.0,46.2% 52 -3.8%,14.2,47.0,53.4,80.0% (10),33.3,47.8,52.8,"{'main': 4316, 'range_min': 3508, 'range_max': 5124}"
#28,pos 2,Bloodseeker,2996,65,49.2,52.6% 19 +3.4%,37.0,44.1,54.8,0.0% (0),28.6,43.8,54.8,"{'main': 4058, 'range_min': 3451, 'range_max': 4664}"
#29,pos 2,Razor,2989,172,48.3,56.4% 78 +8.2%,10.1,52.4,44.3,63.2% (19),40.0,46.7,49.6,"{'main': 4178, 'range_min': 3462, 'range_max': 4893}"
#30,pos 2,Nature's Prophet,2989,325,48.6,44.8% 181 -3.9%,11.2,45.5,51.9,58.5% (41),41.2,49.1,51.8,"{'main': 4629, 'range_min': 3890, 'range_max': 5368}"
#31,pos 2,Sand King,2986,189,48.7,52.6% 78 +3.9%,11.6,47.7,50.0,0.0% (0),42.9,61.9,42.0,"{'main': 4210, 'range_min': 3403, 'range_max': 5016}"
#32,pos 2,Mars,2985,80,61.3,73.0% 37 +11.7%,17.3,57.5,65.0,0.0% (0),85.7,66.7,40.6,"{'main': 4084, 'range_min': 3326, 'range_max': 4843}"
#33,pos 2,Huskar,2981,1338,50.7,50.1% 543 -0.6%,33.1,55.8,45.8,56.1% (255),70.0,44.9,50.7,"{'main': 4649, 'range_min': 3815, 'range_max': 5482}"
#34,pos 2,Beastmaster,2980,68,45.6,37.2% 43 -8.4%,35.1,43.2,48.4,0.0% (0),42.9,46.2,45.7,"{'main': 4766, 'range_min': 4036, 'range_max': 5496}"
#35,pos 2,Magnus,2971,1122,50.3,49.4% 611 -0.8%,51.4,52.9,47.6,57.3% (82),50.0,48.3,51.6,"{'main': 4386, 'range_min': 3682, 'range_max': 5091}"
#36,pos 2,Legion Commander,2971,66,50.0,50.0% 32 +0.0%,25.4,45.9,55.2,0.0% (0),83.3,76.9,38.3,"{'main': 3865, 'range_min': 3242, 'range_max': 4489}"
#37,pos 2,Riki,2969,72,41.7,24.0% 25 -17.7%,8.8,36.4,46.2,0.0% (0),28.6,52.6,39.1,"{'main': 4215, 'range_min': 3533, 'range_max': 4898}"
#38,pos 2,Invoker,2969,2980,50.3,51.5% 1388 +1.2%,37.0,49.2,51.4,55.0% (686),50.7,51.8,49.0,"{'main': 4184, 'range_min': 3524, 'range_max': 4843}"
#39,pos 2,Bounty Hunter,2967,146,46.6,45.0% 60 -1.6%,31.2,53.8,38.2,32.4% (37),48.6,36.8,50.7,"{'main': 4542, 'range_min': 3549, 'range_max': 5536}"
#40,pos 2,Death Prophet,2965,82,41.5,48.4% 31 +6.9%,5.8,34.9,48.7,0.0% (0),20.0,40.7,44.0,"{'main': 4433, 'range_min': 3562, 'range_max': 5303}"
#41,pos 2,Night Stalker,2965,90,42.2,42.9% 35 +0.6%,33.7,39.3,47.1,0.0% (0),25.0,33.3,53.5,"{'main': 4118, 'range_min': 3461, 'range_max': 4775}"
#42,pos 2,Lion,2960,58,34.5,25.0% 16 -9.5%,47.3,27.6,41.4,0.0% (0),35.3,37.5,32.0,"{'main': 4011, 'range_min': 3244, 'range_max': 4778}"
#43,pos 2,Tinker,2958,252,44.8,48.1% 108 +3.3%,14.6,45.2,44.3,47.4% (57),43.2,46.0,44.4,"{'main': 4420, 'range_min': 3729, 'range_max': 5112}"
#44,pos 2,Necrophos,2951,315,46.7,44.9% 69 -1.7%,7.4,50.9,42.2,59.5% (37),23.8,45.8,48.9,"{'main': 4478, 'range_min': 3671, 'range_max': 5285}"
#45,pos 2,Alchemist,2951,172,43.6,43.1% 72 -0.5%,58.6,44.7,42.3,0.0% (0),48.6,39.3,44.3,"{'main': 5554, 'range_min': 4487, 'range_max': 6622}"
#46,pos 2,Dragon Knight,2942,192,44.3,46.9% 81 +2.6%,38.5,42.5,46.5,0.0% (0),45.7,50.0,39.3,"{'main': 4496, 'range_min': 3742, 'range_max': 5249}"
#47,pos 2,Void Spirit,2942,620,48.9,44.2% 199 -4.6%,7.7,51.4,46.2,59.2% (49),35.3,51.3,48.3,"{'main': 4128, 'range_min': 3463, 'range_max': 4792}"
#48,pos 2,Zeus,2940,589,47.9,48.1% 216 +0.3%,44.8,48.0,47.8,60.0% (10),33.7,45.5,53.5,"{'main': 4431, 'range_min': 3736, 'range_max': 5127}"
#49,pos 2,Windranger,2935,135,47.4,57.9% 38 +10.5%,8.0,48.6,46.0,0.0% (0),64.3,42.0,43.9,"{'main': 3947, 'range_min': 3215, 'range_max': 4678}"
#50,pos 2,Storm Spirit,2933,2018,49.9,51.0% 851 +1.1%,16.3,49.3,50.5,59.8% (301),41.4,47.1,51.5,"{'main': 4204, 'range_min': 3508, 'range_max': 4901}"
#51,pos 2,Pangolier,2925,1064,48.7,46.9% 651 -1.8%,13.1,48.3,49.1,48.7% (78),36.1,48.6,49.4,"{'main': 4315, 'range_min': 3578, 'range_max': 5053}"
#52,pos 2,Templar Assassin,2923,595,46.7,43.7% 268 -3.1%,15.3,47.3,46.2,54.3% (116),48.5,46.0,46.8,"{'main': 4491, 'range_min': 3677, 'range_max': 5305}"
#53,pos 2,Pudge,2908,179,38.5,43.5% 62 +5.0%,75.7,45.3,31.0,0.0% (0),42.6,26.2,41.7,"{'main': 4127, 'range_min': 3266, 'range_max': 4989}"
#54,pos 2,Morphling,2899,133,32.3,36.8% 57 +4.5%,55.3,35.4,29.4,0.0% (0),37.8,23.3,35.6,"{'main': 4102, 'range_min': 3405, 'range_max': 4799}"
#55,pos 2,Phoenix,2883,446,43.9,46.2% 234 +2.2%,31.7,45.8,42.1,55.6% (27),45.6,39.4,46.1,"{'main': 4375, 'range_min': 3642, 'range_max': 5107}"
#56,pos 2,Timbersaw,2880,581,47.5,53.4% 279 +5.9%,23.1,47.5,47.5,45.9% (37),56.5,49.0,46.7,"{'main': 4286, 'range_min': 3572, 'range_max': 5000}"
#57,pos 2,Outworld Destroyer,2847,468,42.3,36.0% 111 -6.3%,11.0,43.0,41.6,39.3% (28),23.8,30.0,46.0,"{'main': 4012, 'range_min': 3335, 'range_max': 4689}"
#58,pos 2,Shadow Fiend,2836,680,44.3,41.5% 270 -2.8%,16.9,46.6,41.9,43.8% (64),41.0,45.3,45.4,"{'main': 4470, 'range_min': 3731, 'range_max': 5209}"
#59,pos 2,Tiny,2833,3611,49.8,49.1% 1940 -0.7%,36.1,50.8,48.8,56.8% (444),46.4,49.0,50.9,"{'main': 4213, 'range_min': 3573, 'range_max': 4853}"
#60,pos 2,Sniper,2761,1256,45.9,48.2% 564 +2.3%,20.5,48.6,43.3,47.8% (138),38.4,38.6,50.0,"{'main': 4523, 'range_min': 3851, 'range_max': 5195}"
#61,pos 2,Lina,2745,5204,49.6,48.3% 2372 -1.3%,83.8,50.0,49.3,53.3% (660),49.8,47.5,52.0,"{'main': 4439, 'range_min': 3735, 'range_max': 5142}"
#62,pos 2,Queen of Pain,2536,3205,47.5,45.2% 1307 -2.3%,35.2,49.5,45.6,52.2% (393),43.9,50.5,46.4,"{'main': 4238, 'range_min': 3519, 'range_max': 4957}"
#63,pos 2,Anti-Mage,0,36,36.1,62.5% 8 +26.4%,23.6,44.4,27.8,0.0% (0),100.0,0.0,35.5,"{'main': 3500, 'range_min': 2766, 'range_max': 4234}"
#64,pos 2,Axe,0,17,29.4,25.0% 8 -4.4%,24.4,36.4,16.7,0.0% (0),33.3,60.0,0.0,"{'main': 4423, 'range_min': 3736, 'range_max': 5110}"
#65,pos 2,Bane,0,43,48.8,16.7% 12 -32.2%,7.3,50.0,47.4,53.8% (13),54.5,50.0,43.8,"{'main': 4063, 'range_min': 3540, 'range_max': 4586}"
#66,pos 2,Crystal Maiden,0,3,33.3,0.0% 0 -33.3%,13.3,50.0,0.0,0.0% (0),0.0,100.0,0.0,"{'main': 3947, 'range_min': 3429, 'range_max': 4465}"
#67,pos 2,Drow Ranger,0,10,50.0,0.0% 1 -50.0%,15.0,60.0,40.0,0.0% (0),60.0,50.0,33.3,"{'main': 3407, 'range_min': 2341, 'range_max': 4473}"
#68,pos 2,Juggernaut,0,6,33.3,0.0% 1 -33.3%,12.2,40.0,0.0,0.0% (0),33.3,0.0,100.0,"{'main': 3597, 'range_min': 2951, 'range_max': 4243}"
#69,pos 2,Mirana,0,12,41.7,75.0% 4 +33.3%,6.7,42.9,40.0,0.0% (0),0.0,40.0,50.0,"{'main': 4240, 'range_min': 3628, 'range_max': 4851}"
#70,pos 2,Phantom Lancer,0,1,0.0,0.0% 1 +0.0%,6.1,0.0,0.0,0.0% (0),0.0,0.0,0.0,"{'main': 0, 'range_min': 0, 'range_max': 0}"
#71,pos 2,Sven,0,1,0.0,0.0% 0 +0.0%,5.7,0.0,0.0,0.0% (0),0.0,0.0,0.0,"{'main': 2923, 'range_min': 2923, 'range_max': 2923}"
#72,pos 2,Vengeful Spirit,0,37,54.1,66.7% 6 +12.6%,11.1,61.5,36.4,0.0% (0),25.0,70.0,52.2,"{'main': 4186, 'range_min': 3616, 'range_max': 4757}"
#73,pos 2,Lich,0,17,41.2,40.0% 5 -1.2%,83.4,33.3,50.0,0.0% (0),35.7,0.0,66.7,"{'main': 3241, 'range_min': 2580, 'range_max': 3902}"
#74,pos 2,Shadow Shaman,0,6,66.7,0.0% 1 -66.7%,19.9,75.0,50.0,0.0% (0),75.0,0.0,50.0,"{'main': 3894, 'range_min': 2973, 'range_max': 4815}"
#75,pos 2,Slardar,0,47,46.8,60.9% 23 +14.1%,7.0,47.1,46.7,0.0% (0),0.0,50.0,50.0,"{'main': 4016, 'range_min': 3085, 'range_max': 4947}"
#76,pos 2,Tidehunter,0,20,50.0,57.1% 7 +7.1%,19.5,44.4,54.5,0.0% (0),0.0,50.0,63.6,"{'main': 4289, 'range_min': 3592, 'range_max': 4986}"
#77,pos 2,Witch Doctor,0,4,25.0,0.0% 0 -25.0%,15.6,0.0,33.3,0.0% (0),0.0,0.0,25.0,"{'main': 3293, 'range_min': 2874, 'range_max': 3712}"
#78,pos 2,Enigma,0,31,48.4,61.1% 18 +12.7%,14.9,46.7,50.0,54.5% (11),100.0,50.0,38.5,"{'main': 4966, 'range_min': 4040, 'range_max': 5892}"
#79,pos 2,Warlock,0,4,50.0,0.0% 0 -50.0%,7.6,66.7,0.0,0.0% (0),0.0,33.3,100.0,"{'main': 3723, 'range_min': 2816, 'range_max': 4630}"
#80,pos 2,Venomancer,0,17,17.6,12.5% 8 -5.1%,21.8,25.0,11.1,0.0% (0),0.0,33.3,16.7,"{'main': 4535, 'range_min': 3803, 'range_max': 5266}"
#81,pos 2,Faceless Void,0,7,42.9,33.3% 3 -9.5%,6.5,33.3,50.0,0.0% (0),0.0,50.0,33.3,"{'main': 3899, 'range_min': 3430, 'range_max': 4368}"
#82,pos 2,Wraith King,0,5,40.0,0.0% 1 -40.0%,5.8,50.0,33.3,0.0% (0),0.0,66.7,0.0,"{'main': 2894, 'range_min': 1886, 'range_max': 3903}"
#83,pos 2,Phantom Assassin,0,13,30.8,33.3% 3 +2.6%,49.3,66.7,0.0,0.0% (0),33.3,50.0,0.0,"{'main': 4348, 'range_min': 3443, 'range_max': 5252}"
#84,pos 2,Luna,0,4,50.0,100.0% 1 +50.0%,7.4,100.0,0.0,0.0% (0),0.0,0.0,66.7,"{'main': 2740, 'range_min': 1772, 'range_max': 3708}"
#85,pos 2,Clockwerk,0,12,25.0,14.3% 7 -10.7%,38.1,22.2,33.3,0.0% (0),25.0,0.0,50.0,"{'main': 3583, 'range_min': 2650, 'range_max': 4516}"
#86,pos 2,Lifestealer,0,2,0.0,0.0% 0 +0.0%,18.3,0.0,0.0,0.0% (0),0.0,0.0,0.0,"{'main': 4873, 'range_min': 4484, 'range_max': 5261}"
#87,pos 2,Dark Seer,0,6,33.3,0.0% 1 -33.3%,6.1,50.0,0.0,0.0% (0),33.3,0.0,50.0,"{'main': 2725, 'range_min': 1299, 'range_max': 4152}"
#88,pos 2,Omniknight,0,1,0.0,0.0% 1 +0.0%,8.0,0.0,0.0,0.0% (0),0.0,0.0,0.0,"{'main': 0, 'range_min': 0, 'range_max': 0}"
#89,pos 2,Enchantress,0,9,55.6,40.0% 5 -15.6%,7.9,50.0,60.0,0.0% (0),66.7,40.0,100.0,"{'main': 3885, 'range_min': 3459, 'range_max': 4312}"
#90,pos 2,Weaver,0,2,50.0,0.0% 1 -50.0%,9.2,100.0,0.0,0.0% (0),0.0,0.0,100.0,"{'main': 4644, 'range_min': 4644, 'range_max': 4644}"
#91,pos 2,Jakiro,0,9,44.4,100.0% 2 +55.6%,11.6,33.3,66.7,0.0% (0),0.0,100.0,33.3,"{'main': 3934, 'range_min': 3114, 'range_max': 4754}"
#92,pos 2,Chen,0,1,100.0,100.0% 1 +0.0%,7.0,100.0,0.0,0.0% (0),0.0,100.0,0.0,"{'main': 0, 'range_min': 0, 'range_max': 0}"
#93,pos 2,Spectre,0,48,58.3,58.8% 17 +0.5%,63.6,53.8,63.6,0.0% (0),47.1,66.7,60.0,"{'main': 3624, 'range_min': 2775, 'range_max': 4473}"
#94,pos 2,Ancient Apparition,0,21,33.3,0.0% 3 -33.3%,8.4,50.0,23.1,0.0% (0),0.0,42.9,30.8,"{'main': 3868, 'range_min': 3215, 'range_max': 4520}"
#95,pos 2,Ursa,0,49,46.9,51.6% 31 +4.7%,19.6,48.0,45.8,57.1% (21),50.0,25.0,54.3,"{'main': 4074, 'range_min': 3344, 'range_max': 4804}"
#96,pos 2,Spirit Breaker,0,17,35.3,25.0% 4 -10.3%,14.5,44.4,25.0,0.0% (0),42.9,20.0,40.0,"{'main': 3838, 'range_min': 3157, 'range_max': 4519}"
#97,pos 2,Gyrocopter,0,14,21.4,0.0% 3 -21.4%,15.7,20.0,25.0,0.0% (0),33.3,0.0,25.0,"{'main': 4078, 'range_min': 3380, 'range_max': 4775}"
#98,pos 2,Silencer,0,31,41.9,60.0% 10 +18.1%,16.5,38.5,44.4,0.0% (0),20.0,44.4,47.1,"{'main': 3901, 'range_min': 3124, 'range_max': 4679}"
#99,pos 2,Brewmaster,0,37,54.1,55.6% 9 +1.5%,8.6,55.6,52.6,53.3% (30),0.0,70.6,47.1,"{'main': 3914, 'range_min': 3157, 'range_max': 4672}"
#100,pos 2,Shadow Demon,0,9,55.6,50.0% 4 -5.6%,29.4,50.0,66.7,0.0% (0),33.3,33.3,100.0,"{'main': 3802, 'range_min': 3296, 'range_max': 4308}"
#101,pos 2,Chaos Knight,0,3,33.3,0.0% 0 -33.3%,6.3,100.0,0.0,0.0% (0),0.0,0.0,50.0,"{'main': 4481, 'range_min': 3917, 'range_max': 5045}"
#102,pos 2,Treant Protector,0,5,40.0,0.0% 1 -40.0%,6.1,66.7,0.0,0.0% (0),66.7,0.0,0.0,"{'main': 2837, 'range_min': 2078, 'range_max': 3595}"
#103,pos 2,Ogre Magi,0,20,35.0,42.9% 7 +7.9%,37.7,55.6,18.2,0.0% (0),50.0,11.1,60.0,"{'main': 3892, 'range_min': 3305, 'range_max': 4480}"
#104,pos 2,Undying,0,21,47.6,50.0% 6 +2.4%,11.4,53.8,37.5,0.0% (0),50.0,57.1,37.5,"{'main': 4170, 'range_min': 3443, 'range_max': 4898}"
#105,pos 2,Disruptor,0,3,0.0,0.0% 1 +0.0%,13.0,0.0,0.0,0.0% (0),0.0,0.0,0.0,"{'main': 3748, 'range_min': 3745, 'range_max': 3750}"
#106,pos 2,Naga Siren,0,2,100.0,0.0% 0 -100.0%,5.7,100.0,100.0,0.0% (0),100.0,100.0,0.0,"{'main': 4453, 'range_min': 3763, 'range_max': 5143}"
#107,pos 2,Io,0,15,33.3,30.0% 10 -3.3%,13.2,44.4,16.7,0.0% (0),25.0,0.0,40.0,"{'main': 3810, 'range_min': 2670, 'range_max': 4949}"
#108,pos 2,Slark,0,24,75.0,85.7% 7 +10.7%,13.0,71.4,80.0,0.0% (0),100.0,80.0,70.6,"{'main': 4152, 'range_min': 2578, 'range_max': 5727}"
#109,pos 2,Medusa,0,24,58.3,100.0% 1 +41.7%,14.0,50.0,66.7,69.2% (13),0.0,50.0,64.7,"{'main': 4958, 'range_min': 4108, 'range_max': 5807}"
#110,pos 2,Troll Warlord,0,4,100.0,100.0% 1 +0.0%,6.6,100.0,0.0,0.0% (0),0.0,0.0,100.0,"{'main': 5096, 'range_min': 4906, 'range_max': 5285}"
#111,pos 2,Centaur Warrunner,0,2,0.0,0.0% 1 +0.0%,7.8,0.0,0.0,0.0% (0),0.0,0.0,0.0,"{'main': 2474, 'range_min': 2474, 'range_max': 2474}"
#112,pos 2,Tusk,0,32,43.8,42.9% 7 -0.9%,17.3,53.3,35.3,0.0% (0),33.3,75.0,42.1,"{'main': 4128, 'range_min': 3356, 'range_max': 4900}"
#113,pos 2,Skywrath Mage,0,18,38.9,20.0% 5 -18.9%,7.5,38.5,40.0,0.0% (0),60.0,20.0,37.5,"{'main': 3653, 'range_min': 2799, 'range_max': 4508}"
#114,pos 2,Abaddon,0,10,50.0,50.0% 2 +0.0%,26.3,42.9,66.7,0.0% (0),25.0,50.0,75.0,"{'main': 3852, 'range_min': 2796, 'range_max': 4908}"
#115,pos 2,Elder Titan,0,6,33.3,0.0% 3 -33.3%,8.3,33.3,33.3,0.0% (0),100.0,100.0,0.0,"{'main': 4044, 'range_min': 2788, 'range_max': 5300}"
#116,pos 2,Terrorblade,0,22,40.9,50.0% 12 +9.1%,15.5,36.4,45.5,0.0% (0),0.0,33.3,50.0,"{'main': 3821, 'range_min': 2967, 'range_max': 4675}"
#117,pos 2,Oracle,0,9,44.4,42.9% 7 -1.6%,9.2,0.0,50.0,0.0% (0),100.0,20.0,66.7,"{'main': 4337, 'range_min': 3702, 'range_max': 4972}"
#118,pos 2,Techies,0,15,20.0,20.0% 5 +0.0%,8.5,12.5,28.6,0.0% (0),25.0,28.6,0.0,"{'main': 3958, 'range_min': 3316, 'range_max': 4600}"
#119,pos 2,Winter Wyvern,0,36,55.6,63.6% 22 +8.1%,9.1,54.5,57.1,0.0% (0),44.4,80.0,47.1,"{'main': 3878, 'range_min': 3171, 'range_max': 4584}"
#120,pos 2,Underlord,0,7,57.1,50.0% 4 -7.1%,6.1,50.0,100.0,0.0% (0),0.0,33.3,75.0,"{'main': 4460, 'range_min': 4152, 'range_max': 4769}"
#121,pos 2,Dark Willow,0,21,42.9,40.0% 5 -2.9%,15.6,50.0,28.6,0.0% (0),25.0,44.4,50.0,"{'main': 4373, 'range_min': 3789, 'range_max': 4957}"
#122,pos 2,Grimstroke,0,27,51.9,45.5% 11 -6.4%,7.8,54.5,50.0,50.0% (10),20.0,60.0,58.3,"{'main': 4202, 'range_min': 3320, 'range_max': 5085}"
#123,pos 2,Snapfire,0,26,50.0,20.0% 10 -30.0%,7.0,53.8,46.2,0.0% (0),37.5,71.4,45.5,"{'main': 4339, 'range_min': 3799, 'range_max': 4878}"
#124,pos 2,Hoodwink,0,9,11.1,0.0% 3 -11.1%,11.8,0.0,14.3,0.0% (0),0.0,0.0,50.0,"{'main': 3621, 'range_min': 3142, 'range_max': 4099}"
#125,pos 2,Muerta,0,44,36.4,57.1% 14 +20.8%,20.2,36.4,36.4,0.0% (0),31.8,25.0,50.0,"{'main': 3999, 'range_min': 2966, 'range_max': 5033}"
#126,pos 2,Ringmaster,0,0,0.0,0.0% 0 +0.0%,12.5,0.0,0.0,0.0% (0),0.0,0.0,0.0,"{'main': 0, 'range_min': 0, 'range_max': 0}"
#1,pos 3,Dawnbreaker,3319,4228,52.8,52.5% 1931 -0.3%,44.0,53.1,52.5,54.8% (540),49.3,53.7,53.9,"{'main': 4122, 'range_min': 3428, 'range_max': 4817}"
#2,pos 3,Enigma,3254,1014,56.9,58.4% 596 +1.5%,14.9,56.9,56.9,59.8% (122),41.0,57.8,56.2,"{'main': 4474, 'range_min': 3740, 'range_max': 5207}"
#3,pos 3,Visage,3137,986,53.7,54.8% 504 +1.1%,17.1,54.2,53.0,57.9% (254),56.7,52.6,58.3,"{'main': 4384, 'range_min': 3393, 'range_max': 5375}"
#4,pos 3,Phoenix,3117,893,54.5,55.8% 520 +1.2%,31.7,59.0,50.4,63.3% (166),50.3,55.9,52.8,"{'main': 4220, 'range_min': 3367, 'range_max': 5074}"
#5,pos 3,Dark Seer,3066,233,57.1,57.0% 100 -0.1%,6.1,57.8,56.4,0.0% (0),38.5,60.3,48.8,"{'main': 4089, 'range_min': 3291, 'range_max': 4887}"
#6,pos 3,Brewmaster,3051,419,53.7,51.9% 210 -1.8%,8.6,51.3,55.9,57.9% (126),58.1,52.1,57.9,"{'main': 3851, 'range_min': 3142, 'range_max': 4560}"
#7,pos 3,Abaddon,3050,384,56.5,52.4% 143 -4.1%,26.3,59.7,53.5,59.8% (132),63.2,52.8,62.8,"{'main': 4153, 'range_min': 3384, 'range_max': 4922}"
#8,pos 3,Terrorblade,3049,564,53.0,51.1% 268 -1.9%,15.5,53.4,52.6,58.2% (55),52.4,54.0,50.0,"{'main': 4204, 'range_min': 3463, 'range_max': 4946}"
#9,pos 3,Elder Titan,3046,97,60.8,61.4% 57 +0.6%,8.3,53.8,68.9,56.3% (16),63.6,55.2,78.9,"{'main': 3930, 'range_min': 3224, 'range_max': 4636}"
#10,pos 3,Beastmaster,3045,2919,50.9,49.4% 1417 -1.5%,35.1,51.2,50.5,56.5% (596),47.9,51.0,53.5,"{'main': 4344, 'range_min': 3478, 'range_max': 5210}"
#11,pos 3,Marci,3044,356,54.2,57.7% 149 +3.5%,19.5,52.1,56.1,62.3% (61),58.7,51.7,52.2,"{'main': 4143, 'range_min': 3279, 'range_max': 5008}"
#12,pos 3,Pudge,3030,426,52.3,53.8% 145 +1.4%,75.7,57.1,48.2,0.0% (0),51.4,54.6,52.9,"{'main': 3975, 'range_min': 3222, 'range_max': 4728}"
#13,pos 3,Legion Commander,3027,1677,51.3,51.6% 558 +0.3%,25.4,52.4,50.4,59.9% (162),48.4,51.9,50.0,"{'main': 4032, 'range_min': 3283, 'range_max': 4781}"
#14,pos 3,Vengeful Spirit,3026,389,54.2,56.3% 167 +2.0%,11.1,59.4,49.8,71.4% (35),45.9,57.1,46.3,"{'main': 3882, 'range_min': 3184, 'range_max': 4580}"
#15,pos 3,Slark,3025,88,56.8,57.4% 54 +0.6%,13.0,54.3,59.5,71.4% (14),57.1,59.6,47.1,"{'main': 4374, 'range_min': 3411, 'range_max': 5338}"
#16,pos 3,Centaur Warrunner,3020,606,51.8,54.4% 248 +2.6%,7.8,56.2,47.6,59.4% (32),42.3,52.9,51.9,"{'main': 3972, 'range_min': 3312, 'range_max': 4632}"
#17,pos 3,Viper,3017,348,51.4,50.3% 153 -1.1%,10.8,51.6,51.2,53.8% (13),48.1,53.2,48.5,"{'main': 4181, 'range_min': 3435, 'range_max': 4926}"
#18,pos 3,Lone Druid,3013,126,51.6,59.2% 49 +7.6%,16.1,53.4,50.0,53.5% (43),51.4,53.1,40.0,"{'main': 4213, 'range_min': 3459, 'range_max': 4968}"
#19,pos 3,Doom,3011,2868,50.7,51.6% 1536 +0.8%,32.0,52.4,49.0,54.8% (341),51.7,51.1,48.9,"{'main': 4220, 'range_min': 3487, 'range_max': 4953}"
#20,pos 3,Kunkka,3010,147,52.4,54.1% 37 +1.7%,5.9,56.6,46.9,60.0% (45),59.3,51.2,27.3,"{'main': 3782, 'range_min': 3052, 'range_max': 4512}"
#21,pos 3,Tidehunter,3009,2355,50.8,49.6% 1065 -1.3%,19.5,49.6,52.1,61.8% (186),44.6,52.3,46.1,"{'main': 4054, 'range_min': 3337, 'range_max': 4772}"
#22,pos 3,Monkey King,3004,151,53.0,56.6% 53 +3.6%,23.0,52.1,53.8,0.0% (0),37.9,55.4,60.0,"{'main': 4203, 'range_min': 3440, 'range_max': 4967}"
#23,pos 3,Batrider,3002,119,51.3,54.2% 59 +3.0%,14.2,48.3,54.2,0.0% (0),58.3,51.9,38.9,"{'main': 3940, 'range_min': 3152, 'range_max': 4728}"
#24,pos 3,Morphling,2999,55,52.7,39.1% 23 -13.6%,55.3,48.6,60.0,70.0% (10),50.0,53.6,66.7,"{'main': 4310, 'range_min': 3427, 'range_max': 5193}"
#25,pos 3,Dazzle,2999,73,47.9,46.2% 39 -1.8%,6.6,52.8,43.2,0.0% (0),63.2,33.3,66.7,"{'main': 4508, 'range_min': 3792, 'range_max': 5225}"
#26,pos 3,Huskar,2997,101,54.5,50.0% 52 -4.5%,33.1,47.9,60.4,0.0% (0),90.0,52.9,42.9,"{'main': 4224, 'range_min': 3229, 'range_max': 5219}"
#27,pos 3,Ogre Magi,2994,67,46.3,14.3% 14 -32.0%,37.7,51.2,37.5,0.0% (0),47.8,42.1,66.7,"{'main': 3849, 'range_min': 2940, 'range_max': 4758}"
#28,pos 3,Slardar,2986,411,49.4,50.0% 148 +0.6%,7.0,51.7,47.0,67.1% (73),47.5,51.9,41.3,"{'main': 4013, 'range_min': 3274, 'range_max': 4753}"
#29,pos 3,Queen of Pain,2985,60,45.0,48.4% 31 +3.4%,35.2,40.7,48.5,0.0% (0),43.8,44.4,50.0,"{'main': 3832, 'range_min': 3220, 'range_max': 4445}"
#30,pos 3,Nature's Prophet,2985,151,47.0,45.9% 61 -1.1%,11.2,49.2,45.6,71.9% (32),36.6,52.3,45.5,"{'main': 3729, 'range_min': 2756, 'range_max': 4702}"
#31,pos 3,Chaos Knight,2983,79,45.6,38.1% 21 -7.5%,6.3,46.5,44.4,0.0% (0),30.8,49.1,45.5,"{'main': 3951, 'range_min': 3319, 'range_max': 4584}"
#32,pos 3,Anti-Mage,2982,63,42.9,33.3% 21 -9.5%,23.6,51.7,35.3,0.0% (0),0.0,40.0,57.7,"{'main': 4126, 'range_min': 3362, 'range_max': 4890}"
#33,pos 3,Death Prophet,2982,99,47.5,38.1% 42 -9.4%,5.8,48.6,46.8,0.0% (0),28.6,52.9,41.2,"{'main': 4229, 'range_min': 3488, 'range_max': 4971}"
#34,pos 3,Winter Wyvern,2981,151,49.0,53.6% 56 +4.6%,9.1,43.0,55.6,58.3% (12),41.0,52.7,47.6,"{'main': 3729, 'range_min': 3080, 'range_max': 4379}"
#35,pos 3,Earthshaker,2980,815,49.7,51.4% 348 +1.7%,43.7,50.1,49.2,57.1% (56),45.5,50.9,52.2,"{'main': 3939, 'range_min': 3268, 'range_max': 4611}"
#36,pos 3,Bounty Hunter,2980,103,45.6,48.1% 54 +2.5%,31.2,50.9,40.0,0.0% (0),34.1,53.8,50.0,"{'main': 3928, 'range_min': 3047, 'range_max': 4809}"
#37,pos 3,Earth Spirit,2980,101,47.5,45.9% 37 -1.6%,14.9,51.0,44.2,0.0% (0),57.6,41.4,50.0,"{'main': 3674, 'range_min': 2928, 'range_max': 4419}"
#38,pos 3,Weaver,2978,125,53.6,51.8% 56 -1.8%,9.2,67.2,40.6,39.1% (23),51.4,52.9,59.1,"{'main': 4121, 'range_min': 3230, 'range_max': 5012}"
#39,pos 3,Zeus,2976,52,36.5,50.0% 22 +13.5%,44.8,27.3,43.3,0.0% (0),38.1,34.6,40.0,"{'main': 3586, 'range_min': 2704, 'range_max': 4469}"
#40,pos 3,Night Stalker,2966,3152,50.2,50.3% 1523 +0.1%,33.7,51.5,48.9,58.2% (388),50.4,50.2,49.6,"{'main': 4019, 'range_min': 3352, 'range_max': 4685}"
#41,pos 3,Bloodseeker,2965,234,47.9,48.4% 124 +0.5%,37.0,47.1,48.7,80.0% (10),41.7,51.0,44.0,"{'main': 3910, 'range_min': 3155, 'range_max': 4665}"
#42,pos 3,Spirit Breaker,2965,107,43.9,38.2% 34 -5.7%,14.5,40.3,48.9,0.0% (0),38.2,45.6,50.0,"{'main': 3650, 'range_min': 2799, 'range_max': 4501}"
#43,pos 3,Tiny,2962,430,49.1,50.0% 196 +0.9%,36.1,51.1,46.9,0.0% (0),48.3,49.5,48.4,"{'main': 3817, 'range_min': 3146, 'range_max': 4489}"
#44,pos 3,Undying,2962,286,47.6,48.0% 127 +0.5%,11.4,46.8,48.7,36.4% (11),38.9,48.6,59.5,"{'main': 4223, 'range_min': 3515, 'range_max': 4931}"
#45,pos 3,Primal Beast,2960,506,49.0,48.8% 285 -0.2%,9.8,45.6,52.7,57.4% (54),50.0,49.7,45.7,"{'main': 4104, 'range_min': 3341, 'range_max': 4867}"
#46,pos 3,Axe,2959,1572,50.6,49.9% 567 -0.7%,24.4,52.7,48.6,50.5% (200),40.3,51.5,52.7,"{'main': 4174, 'range_min': 3330, 'range_max': 5018}"
#47,pos 3,Necrophos,2957,162,45.1,40.0% 45 -5.1%,7.4,45.3,44.7,0.0% (0),40.0,46.3,43.6,"{'main': 4014, 'range_min': 3249, 'range_max': 4779}"
#48,pos 3,Kez,2954,389,47.3,43.1% 123 -4.2%,43.4,48.3,46.1,48.1% (52),50.7,43.4,33.3,"{'main': 4199, 'range_min': 3411, 'range_max': 4987}"
#49,pos 3,Dragon Knight,2953,163,43.6,50.9% 57 +7.3%,38.5,46.6,40.0,0.0% (0),51.5,43.1,33.3,"{'main': 4070, 'range_min': 3333, 'range_max': 4808}"
#50,pos 3,Wraith King,2951,96,39.6,37.5% 32 -2.1%,5.8,38.2,41.5,0.0% (0),50.0,35.9,42.9,"{'main': 3772, 'range_min': 2929, 'range_max': 4615}"
#51,pos 3,Venomancer,2947,156,39.7,34.9% 83 -4.8%,21.8,54.4,31.3,0.0% (0),40.0,41.0,30.8,"{'main': 4121, 'range_min': 3283, 'range_max': 4958}"
#52,pos 3,Windranger,2946,141,41.1,44.6% 56 +3.5%,8.0,37.7,43.8,0.0% (0),26.3,40.6,57.1,"{'main': 4008, 'range_min': 3366, 'range_max': 4650}"
#53,pos 3,Underlord,2931,267,45.3,40.3% 77 -5.1%,6.1,41.0,50.4,20.0% (10),40.9,48.5,33.3,"{'main': 3965, 'range_min': 3312, 'range_max': 4619}"
#54,pos 3,Pangolier,2928,483,46.8,46.9% 262 +0.2%,13.1,45.6,48.2,50.0% (12),41.5,50.0,33.3,"{'main': 4011, 'range_min': 3278, 'range_max': 4744}"
#55,pos 3,Alchemist,2919,204,39.7,44.4% 108 +4.7%,58.6,39.6,39.8,0.0% (0),42.2,37.3,45.5,"{'main': 4721, 'range_min': 3749, 'range_max': 5694}"
#56,pos 3,Nyx Assassin,2907,291,44.3,42.9% 140 -1.5%,71.7,42.0,46.4,0.0% (0),43.2,47.0,44.4,"{'main': 3307, 'range_min': 2575, 'range_max': 4038}"
#57,pos 3,Razor,2876,595,45.7,40.9% 230 -4.8%,10.1,49.5,41.0,56.8% (37),37.6,47.3,47.6,"{'main': 4076, 'range_min': 3380, 'range_max': 4772}"
#58,pos 3,Bristleback,2871,2452,49.6,50.5% 1298 +0.9%,30.4,51.5,47.7,60.0% (335),47.8,50.2,46.7,"{'main': 4142, 'range_min': 3379, 'range_max': 4905}"
#59,pos 3,Broodmother,2858,729,45.5,42.0% 381 -3.5%,29.2,48.8,42.0,50.0% (84),39.3,47.4,38.6,"{'main': 4291, 'range_min': 3310, 'range_max': 5272}"
#60,pos 3,Sand King,2832,551,43.0,44.8% 241 +1.8%,11.6,43.4,42.6,60.0% (90),33.3,45.0,44.4,"{'main': 3948, 'range_min': 3259, 'range_max': 4638}"
#61,pos 3,Lycan,2808,2269,49.3,51.1% 1234 +1.8%,35.9,50.9,47.7,54.0% (313),48.6,49.5,48.4,"{'main': 4135, 'range_min': 3433, 'range_max': 4836}"
#62,pos 3,Magnus,2802,2993,49.2,48.6% 1433 -0.6%,51.4,51.2,47.2,51.7% (391),47.7,49.9,50.2,"{'main': 4084, 'range_min': 3374, 'range_max': 4794}"
#63,pos 3,Timbersaw,2799,1876,48.5,47.9% 846 -0.6%,23.1,51.0,46.0,49.1% (167),49.3,49.2,45.3,"{'main': 4014, 'range_min': 3232, 'range_max': 4797}"
#64,pos 3,Mars,2763,1837,47.7,47.9% 737 +0.2%,17.3,48.4,47.1,48.9% (137),44.8,48.6,46.2,"{'main': 3809, 'range_min': 3153, 'range_max': 4465}"
#65,pos 3,Bane,0,9,66.7,50.0% 2 -16.7%,7.3,80.0,50.0,0.0% (0),100.0,60.0,66.7,"{'main': 3367, 'range_min': 2698, 'range_max': 4037}"
#66,pos 3,Crystal Maiden,0,8,25.0,33.3% 6 +8.3%,13.3,0.0,50.0,0.0% (0),33.3,33.3,0.0,"{'main': 2235, 'range_min': 950, 'range_max': 3519}"
#67,pos 3,Drow Ranger,0,10,30.0,33.3% 3 +3.3%,15.0,50.0,16.7,0.0% (0),0.0,28.6,50.0,"{'main': 4200, 'range_min': 3665, 'range_max': 4736}"
#68,pos 3,Juggernaut,0,12,58.3,40.0% 5 -18.3%,12.2,80.0,42.9,0.0% (0),75.0,40.0,66.7,"{'main': 4426, 'range_min': 3307, 'range_max': 5544}"
#69,pos 3,Mirana,0,12,16.7,0.0% 4 -16.7%,6.7,14.3,20.0,0.0% (0),25.0,16.7,0.0,"{'main': 3673, 'range_min': 2912, 'range_max': 4434}"
#70,pos 3,Shadow Fiend,0,15,46.7,66.7% 6 +20.0%,16.9,22.2,83.3,0.0% (0),33.3,55.6,33.3,"{'main': 4331, 'range_min': 3099, 'range_max': 5563}"
#71,pos 3,Phantom Lancer,0,7,42.9,0.0% 0 -42.9%,6.1,40.0,50.0,0.0% (0),100.0,40.0,0.0,"{'main': 3949, 'range_min': 3115, 'range_max': 4783}"
#72,pos 3,Puck,0,9,33.3,33.3% 6 +0.0%,38.0,42.9,0.0,0.0% (0),100.0,20.0,33.3,"{'main': 4034, 'range_min': 3511, 'range_max': 4556}"
#73,pos 3,Storm Spirit,0,9,22.2,25.0% 4 +2.8%,16.3,25.0,20.0,0.0% (0),0.0,20.0,33.3,"{'main': 3580, 'range_min': 3196, 'range_max': 3964}"
#74,pos 3,Sven,0,8,25.0,0.0% 3 -25.0%,5.7,0.0,50.0,0.0% (0),100.0,0.0,33.3,"{'main': 3633, 'range_min': 2780, 'range_max': 4486}"
#75,pos 3,Lina,0,24,20.8,25.0% 8 +4.2%,83.8,22.2,20.0,0.0% (0),27.8,0.0,0.0,"{'main': 3762, 'range_min': 3027, 'range_max': 4497}"
#76,pos 3,Lich,0,9,0.0,0.0% 1 +0.0%,83.4,0.0,0.0,0.0% (0),0.0,0.0,0.0,"{'main': 2916, 'range_min': 2233, 'range_max': 3599}"
#77,pos 3,Lion,0,19,26.3,28.6% 7 +2.3%,47.3,22.2,30.0,0.0% (0),33.3,22.2,25.0,"{'main': 3754, 'range_min': 3023, 'range_max': 4486}"
#78,pos 3,Shadow Shaman,0,9,44.4,50.0% 4 +5.6%,19.9,50.0,40.0,0.0% (0),50.0,50.0,0.0,"{'main': 2597, 'range_min': 2159, 'range_max': 3036}"
#79,pos 3,Witch Doctor,0,15,26.7,20.0% 5 -6.7%,15.6,0.0,30.8,0.0% (0),16.7,25.0,100.0,"{'main': 3714, 'range_min': 3021, 'range_max': 4406}"
#80,pos 3,Riki,0,44,50.0,43.8% 16 -6.3%,8.8,47.8,52.4,0.0% (0),37.5,50.0,66.7,"{'main': 3768, 'range_min': 3030, 'range_max': 4506}"
#81,pos 3,Tinker,0,22,36.4,53.8% 13 +17.5%,14.6,33.3,37.5,0.0% (0),22.2,44.4,50.0,"{'main': 3328, 'range_min': 2801, 'range_max': 3855}"
#82,pos 3,Sniper,0,14,21.4,0.0% 5 -21.4%,20.5,28.6,14.3,0.0% (0),0.0,33.3,25.0,"{'main': 4112, 'range_min': 3148, 'range_max': 5077}"
#83,pos 3,Warlock,0,3,66.7,100.0% 2 +33.3%,7.6,100.0,50.0,0.0% (0),100.0,0.0,0.0,"{'main': 2199, 'range_min': 2199, 'range_max': 2199}"
#84,pos 3,Faceless Void,0,38,50.0,33.3% 12 -16.7%,6.5,43.5,60.0,0.0% (0),20.0,44.4,100.0,"{'main': 3617, 'range_min': 3040, 'range_max': 4195}"
#85,pos 3,Phantom Assassin,0,41,56.1,57.1% 7 +1.0%,49.3,50.0,66.7,0.0% (0),50.0,59.1,60.0,"{'main': 4292, 'range_min': 3245, 'range_max': 5339}"
#86,pos 3,Pugna,0,27,55.6,53.8% 13 -1.7%,14.0,40.0,75.0,0.0% (0),44.4,53.3,100.0,"{'main': 3800, 'range_min': 2788, 'range_max': 4812}"
#87,pos 3,Templar Assassin,0,6,50.0,50.0% 2 +0.0%,15.3,60.0,0.0,0.0% (0),0.0,100.0,0.0,"{'main': 3633, 'range_min': 2458, 'range_max': 4807}"
#88,pos 3,Luna,0,4,50.0,33.3% 3 -16.7%,7.4,50.0,50.0,0.0% (0),0.0,66.7,0.0,"{'main': 3710, 'range_min': 3710, 'range_max': 3710}"
#89,pos 3,Clockwerk,0,33,30.3,16.7% 12 -13.6%,38.1,57.1,10.5,0.0% (0),20.0,40.0,33.3,"{'main': 3494, 'range_min': 2602, 'range_max': 4385}"
#90,pos 3,Leshrac,0,35,54.3,66.7% 21 +12.4%,8.8,55.6,52.9,0.0% (0),36.4,61.1,66.7,"{'main': 3762, 'range_min': 2907, 'range_max': 4618}"
#91,pos 3,Lifestealer,0,7,71.4,50.0% 2 -21.4%,18.3,75.0,66.7,0.0% (0),100.0,60.0,100.0,"{'main': 3964, 'range_min': 3467, 'range_max': 4461}"
#92,pos 3,Clinkz,0,7,28.6,33.3% 3 +4.8%,6.0,16.7,100.0,0.0% (0),25.0,33.3,0.0,"{'main': 3696, 'range_min': 2631, 'range_max': 4760}"
#93,pos 3,Omniknight,0,24,41.7,43.8% 16 +2.1%,8.0,45.5,38.5,0.0% (0),33.3,47.4,0.0,"{'main': 4077, 'range_min': 3279, 'range_max': 4874}"
#94,pos 3,Enchantress,0,8,50.0,50.0% 4 +0.0%,7.9,40.0,66.7,0.0% (0),25.0,100.0,50.0,"{'main': 4214, 'range_min': 3174, 'range_max': 5254}"
#95,pos 3,Jakiro,0,23,65.2,85.7% 7 +20.5%,11.6,80.0,53.8,0.0% (0),100.0,45.5,50.0,"{'main': 3800, 'range_min': 2939, 'range_max': 4662}"
#96,pos 3,Chen,0,0,0.0,0.0% 0 +0.0%,7.0,0.0,0.0,0.0% (0),0.0,0.0,0.0,"{'main': 0, 'range_min': 0, 'range_max': 0}"
#97,pos 3,Spectre,0,38,52.6,60.0% 15 +7.4%,63.6,68.2,31.3,0.0% (0),61.5,42.9,75.0,"{'main': 3842, 'range_min': 3117, 'range_max': 4567}"
#98,pos 3,Ancient Apparition,0,6,0.0,0.0% 2 +0.0%,8.4,0.0,0.0,0.0% (0),0.0,0.0,0.0,"{'main': 2504, 'range_min': 1465, 'range_max': 3542}"
#99,pos 3,Ursa,0,52,32.7,25.0% 16 -7.7%,19.6,29.6,36.0,0.0% (0),42.9,33.3,25.0,"{'main': 4432, 'range_min': 3495, 'range_max': 5370}"
#100,pos 3,Gyrocopter,0,32,46.9,40.0% 20 -6.9%,15.7,60.0,35.3,0.0% (0),42.9,52.6,33.3,"{'main': 3810, 'range_min': 2485, 'range_max': 5136}"
#101,pos 3,Invoker,0,14,28.6,57.1% 7 +28.6%,37.0,57.1,0.0,0.0% (0),25.0,37.5,0.0,"{'main': 3024, 'range_min': 2298, 'range_max': 3751}"
#102,pos 3,Silencer,0,18,50.0,50.0% 2 +0.0%,16.5,50.0,50.0,0.0% (0),25.0,55.6,60.0,"{'main': 3632, 'range_min': 2660, 'range_max': 4603}"
#103,pos 3,Outworld Destroyer,0,16,43.8,30.0% 10 -13.8%,11.0,62.5,25.0,0.0% (0),42.9,42.9,50.0,"{'main': 3931, 'range_min': 3337, 'range_max': 4524}"
#104,pos 3,Shadow Demon,0,6,16.7,25.0% 4 +8.3%,29.4,0.0,50.0,0.0% (0),0.0,0.0,50.0,"{'main': 2324, 'range_min': 1865, 'range_max': 2782}"
#105,pos 3,Meepo,0,29,44.8,33.3% 9 -11.5%,14.7,50.0,40.0,0.0% (0),100.0,25.0,80.0,"{'main': 3881, 'range_min': 3304, 'range_max': 4459}"
#106,pos 3,Treant Protector,0,6,0.0,0.0% 5 +0.0%,6.1,0.0,0.0,0.0% (0),0.0,0.0,0.0,"{'main': 3262, 'range_min': 3262, 'range_max': 3262}"
#107,pos 3,Rubick,0,43,44.2,45.0% 20 +0.8%,37.9,34.8,55.0,0.0% (0),38.5,50.0,33.3,"{'main': 3338, 'range_min': 2625, 'range_max': 4051}"
#108,pos 3,Disruptor,0,4,25.0,0.0% 1 -25.0%,13.0,0.0,25.0,0.0% (0),50.0,0.0,0.0,"{'main': 2754, 'range_min': 1909, 'range_max': 3599}"
#109,pos 3,Naga Siren,0,10,70.0,50.0% 2 -20.0%,5.7,57.1,100.0,0.0% (0),0.0,75.0,100.0,"{'main': 4209, 'range_min': 3086, 'range_max': 5333}"
#110,pos 3,Keeper of the Light,0,20,50.0,36.4% 11 -13.6%,8.1,45.5,55.6,0.0% (0),33.3,70.0,25.0,"{'main': 3828, 'range_min': 2474, 'range_max': 5182}"
#111,pos 3,Io,0,26,80.8,100.0% 9 +19.2%,13.2,82.4,77.8,0.0% (0),83.3,83.3,50.0,"{'main': 3696, 'range_min': 2783, 'range_max': 4609}"
#112,pos 3,Medusa,0,23,56.5,28.6% 7 -28.0%,14.0,64.7,33.3,0.0% (0),0.0,69.2,44.4,"{'main': 4164, 'range_min': 3444, 'range_max': 4884}"
#113,pos 3,Troll Warlord,0,7,71.4,0.0% 0 -71.4%,6.6,66.7,75.0,0.0% (0),100.0,50.0,50.0,"{'main': 4556, 'range_min': 3315, 'range_max': 5797}"
#114,pos 3,Tusk,0,48,54.2,61.5% 13 +7.4%,17.3,50.0,58.3,0.0% (0),53.3,59.3,33.3,"{'main': 3796, 'range_min': 3146, 'range_max': 4446}"
#115,pos 3,Skywrath Mage,0,8,37.5,0.0% 1 -37.5%,7.5,50.0,0.0,0.0% (0),0.0,75.0,0.0,"{'main': 3293, 'range_min': 2451, 'range_max': 4135}"
#116,pos 3,Ember Spirit,0,40,50.0,50.0% 20 +0.0%,17.4,54.5,44.4,0.0% (0),45.5,58.3,20.0,"{'main': 3637, 'range_min': 2850, 'range_max': 4423}"
#117,pos 3,Oracle,0,5,20.0,0.0% 1 -20.0%,9.2,50.0,0.0,0.0% (0),0.0,0.0,100.0,"{'main': 2949, 'range_min': 2390, 'range_max': 3507}"
#118,pos 3,Techies,0,15,60.0,57.1% 7 -2.9%,8.5,66.7,50.0,0.0% (0),60.0,60.0,60.0,"{'main': 3476, 'range_min': 2739, 'range_max': 4212}"
#119,pos 3,Arc Warden,0,1,0.0,0.0% 0 +0.0%,9.6,0.0,0.0,0.0% (0),0.0,0.0,0.0,"{'main': 3430, 'range_min': 3430, 'range_max': 3430}"
#120,pos 3,Dark Willow,0,38,42.1,44.4% 18 +2.3%,15.6,50.0,25.0,0.0% (0),42.1,50.0,20.0,"{'main': 3854, 'range_min': 2663, 'range_max': 5045}"
#121,pos 3,Grimstroke,0,9,11.1,33.3% 3 +22.2%,7.8,0.0,14.3,0.0% (0),14.3,0.0,0.0,"{'main': 2536, 'range_min': 1838, 'range_max': 3234}"
#122,pos 3,Void Spirit,0,31,38.7,30.0% 10 -8.7%,7.7,43.8,33.3,0.0% (0),42.9,38.1,33.3,"{'main': 4008, 'range_min': 3347, 'range_max': 4670}"
#123,pos 3,Snapfire,0,26,30.8,18.2% 11 -12.6%,7.0,36.4,26.7,0.0% (0),20.0,31.3,40.0,"{'main': 3687, 'range_min': 2970, 'range_max': 4405}"
#124,pos 3,Hoodwink,0,18,44.4,54.5% 11 +10.1%,11.8,50.0,37.5,0.0% (0),33.3,71.4,0.0,"{'main': 2771, 'range_min': 1393, 'range_max': 4150}"
#125,pos 3,Muerta,0,40,25.0,5.3% 19 -19.7%,20.2,25.0,25.0,0.0% (0),19.0,30.0,33.3,"{'main': 3320, 'range_min': 2463, 'range_max': 4178}"
#126,pos 3,Ringmaster,0,4,25.0,50.0% 2 +25.0%,12.5,0.0,50.0,0.0% (0),0.0,50.0,0.0,"{'main': 3943, 'range_min': 3109, 'range_max': 4777}"
#1,pos 4,Bounty Hunter,3803,3030,57.7,57.6% 1438 -0.0%,31.2,58.7,56.7,62.4% (781),57.8,57.5,52.0,"{'main': 2456, 'range_min': 1917, 'range_max': 2995}"
#2,pos 4,Zeus,3207,2848,52.8,52.9% 1381 +0.1%,44.8,54.0,51.6,58.8% (376),52.4,55.6,47.2,"{'main': 2442, 'range_min': 1913, 'range_max': 2971}"
#3,pos 4,Nyx Assassin,3171,4063,52.1,52.3% 1966 +0.3%,71.7,53.5,50.7,56.1% (335),52.5,49.6,51.7,"{'main': 2605, 'range_min': 2162, 'range_max': 3048}"
#4,pos 4,Lion,3158,2559,52.6,52.4% 1315 -0.2%,47.3,53.1,52.0,56.8% (176),53.0,51.9,46.3,"{'main': 2198, 'range_min': 1748, 'range_max': 2649}"
#5,pos 4,Clockwerk,3101,1225,53.0,52.1% 459 -0.9%,38.1,52.3,53.6,67.3% (52),53.8,51.5,47.6,"{'main': 2243, 'range_min': 1774, 'range_max': 2712}"
#6,pos 4,Lich,3093,715,54.1,56.7% 263 +2.5%,83.4,55.6,52.7,54.5% (11),54.2,55.6,42.9,"{'main': 2231, 'range_min': 1733, 'range_max': 2729}"
#7,pos 4,Pugna,3089,572,53.8,56.3% 286 +2.4%,14.0,53.2,54.5,54.5% (22),52.9,56.6,53.3,"{'main': 2346, 'range_min': 1845, 'range_max': 2847}"
#8,pos 4,Phoenix,3073,1065,52.2,51.1% 483 -1.1%,31.7,54.6,49.9,58.4% (137),53.2,46.8,66.0,"{'main': 2569, 'range_min': 1999, 'range_max': 3140}"
#9,pos 4,Shadow Shaman,3067,989,52.3,52.7% 569 +0.4%,19.9,52.5,52.0,55.8% (138),52.0,53.4,50.0,"{'main': 2274, 'range_min': 1800, 'range_max': 2748}"
#10,pos 4,Winter Wyvern,3045,269,54.6,53.3% 137 -1.4%,9.1,60.6,48.9,53.8% (52),50.3,66.2,60.0,"{'main': 2324, 'range_min': 1802, 'range_max': 2847}"
#11,pos 4,Bane,3044,147,58.5,56.6% 53 -1.9%,7.3,56.4,60.9,60.0% (10),59.6,61.0,41.7,"{'main': 2269, 'range_min': 1763, 'range_max': 2776}"
#12,pos 4,Ringmaster,3035,529,51.8,55.0% 249 +3.2%,12.5,53.7,50.0,66.7% (36),50.9,54.9,56.3,"{'main': 2203, 'range_min': 1757, 'range_max': 2648}"
#13,pos 4,Elder Titan,3026,101,56.4,65.9% 44 +9.5%,8.3,51.2,60.3,60.0% (10),62.0,45.5,37.5,"{'main': 2308, 'range_min': 1790, 'range_max': 2826}"
#14,pos 4,Jakiro,3023,171,56.7,60.0% 40 +3.3%,11.6,53.8,60.0,0.0% (0),51.8,66.7,62.5,"{'main': 2333, 'range_min': 1692, 'range_max': 2974}"
#15,pos 4,Grimstroke,3022,445,52.1,51.8% 220 -0.3%,7.8,47.3,57.0,55.3% (38),51.9,55.5,39.1,"{'main': 2276, 'range_min': 1815, 'range_max': 2737}"
#16,pos 4,Disruptor,3021,244,52.0,47.3% 93 -4.7%,13.0,58.7,46.7,0.0% (0),54.8,46.8,50.0,"{'main': 2136, 'range_min': 1654, 'range_max': 2618}"
#17,pos 4,Oracle,3016,77,50.6,43.8% 16 -6.9%,9.2,45.9,55.0,0.0% (0),41.9,57.7,75.0,"{'main': 2248, 'range_min': 1697, 'range_max': 2799}"
#18,pos 4,Vengeful Spirit,3010,221,54.3,58.9% 56 +4.6%,11.1,61.5,47.9,0.0% (0),47.1,61.9,55.0,"{'main': 2300, 'range_min': 1679, 'range_max': 2922}"
#19,pos 4,Monkey King,3008,288,51.7,52.4% 168 +0.6%,23.0,52.9,50.4,61.5% (13),53.3,50.7,40.0,"{'main': 2442, 'range_min': 1929, 'range_max': 2954}"
#20,pos 4,Tinker,3007,196,53.6,52.7% 91 -0.8%,14.6,58.7,47.8,58.7% (46),53.5,58.1,37.5,"{'main': 2485, 'range_min': 2010, 'range_max': 2960}"
#21,pos 4,Witch Doctor,3006,196,51.0,47.5% 59 -3.6%,15.6,48.1,54.5,50.0% (12),51.9,41.7,73.3,"{'main': 2362, 'range_min': 1779, 'range_max': 2944}"
#22,pos 4,Sniper,3003,185,49.7,47.4% 76 -2.4%,20.5,42.1,57.8,68.2% (22),51.2,45.1,55.6,"{'main': 2486, 'range_min': 1879, 'range_max': 3094}"
#23,pos 4,Tusk,3003,1035,50.6,51.7% 460 +1.1%,17.3,52.4,48.8,50.0% (10),50.1,51.4,56.4,"{'main': 2241, 'range_min': 1766, 'range_max': 2716}"
#24,pos 4,Enigma,2997,67,46.3,53.1% 32 +6.9%,14.9,48.4,44.4,54.5% (11),47.4,40.9,57.1,"{'main': 2555, 'range_min': 2012, 'range_max': 3097}"
#25,pos 4,Slark,2996,172,50.6,56.2% 89 +5.6%,13.0,54.8,45.6,52.6% (19),51.2,53.7,30.0,"{'main': 2530, 'range_min': 1931, 'range_max': 3129}"
#26,pos 4,Dazzle,2995,56,48.2,28.6% 14 -19.6%,6.6,42.9,57.1,0.0% (0),45.5,52.9,50.0,"{'main': 2474, 'range_min': 2025, 'range_max': 2924}"
#27,pos 4,Crystal Maiden,2991,175,48.0,44.9% 49 -3.1%,13.3,48.5,47.4,0.0% (0),47.1,51.2,46.2,"{'main': 2196, 'range_min': 1723, 'range_max': 2669}"
#28,pos 4,Shadow Demon,2991,1285,50.6,52.3% 765 +1.7%,29.4,49.7,51.5,63.0% (73),52.6,45.1,49.2,"{'main': 2188, 'range_min': 1696, 'range_max': 2680}"
#29,pos 4,Mirana,2990,173,48.6,46.9% 98 -1.6%,6.7,50.0,47.6,43.5% (23),50.4,41.5,55.6,"{'main': 2545, 'range_min': 2028, 'range_max': 3061}"
#30,pos 4,Skywrath Mage,2990,531,49.5,48.6% 140 -1.0%,7.5,49.1,50.0,56.5% (69),50.3,50.0,40.5,"{'main': 2323, 'range_min': 1807, 'range_max': 2839}"
#31,pos 4,Abaddon,2990,232,51.3,60.9% 64 +9.6%,26.3,52.4,50.0,0.0% (0),47.3,58.6,57.1,"{'main': 2133, 'range_min': 1582, 'range_max': 2685}"
#32,pos 4,Warlock,2989,52,46.2,52.9% 17 +6.8%,7.6,44.1,50.0,0.0% (0),47.5,45.5,0.0,"{'main': 2294, 'range_min': 1761, 'range_max': 2828}"
#33,pos 4,Invoker,2989,137,48.2,46.3% 41 -1.8%,37.0,56.9,40.3,0.0% (0),52.7,43.2,14.3,"{'main': 2342, 'range_min': 1813, 'range_max': 2872}"
#34,pos 4,Earthshaker,2988,746,50.3,47.9% 263 -2.4%,43.7,52.3,48.0,58.8% (34),51.3,47.0,45.9,"{'main': 2349, 'range_min': 1863, 'range_max': 2834}"
#35,pos 4,Ancient Apparition,2988,148,46.6,44.0% 50 -2.6%,8.4,54.1,41.4,0.0% (0),43.1,50.0,46.2,"{'main': 2032, 'range_min': 1668, 'range_max': 2395}"
#36,pos 4,Keeper of the Light,2987,140,47.1,46.2% 65 -1.0%,8.1,60.3,37.8,0.0% (0),50.0,43.2,25.0,"{'main': 2470, 'range_min': 2022, 'range_max': 2918}"
#37,pos 4,Leshrac,2984,291,49.8,45.8% 155 -4.0%,8.8,53.5,47.0,28.6% (14),50.9,46.0,50.0,"{'main': 2541, 'range_min': 1990, 'range_max': 3091}"
#38,pos 4,Undying,2984,180,47.8,41.7% 48 -6.1%,11.4,39.5,54.5,0.0% (0),50.0,40.7,75.0,"{'main': 2371, 'range_min': 1759, 'range_max': 2982}"
#39,pos 4,Terrorblade,2983,101,48.5,48.8% 43 +0.3%,15.5,48.9,48.1,70.0% (10),47.9,48.0,60.0,"{'main': 2319, 'range_min': 1707, 'range_max': 2931}"
#40,pos 4,Bristleback,2981,55,41.8,50.0% 18 +8.2%,30.4,35.7,48.1,0.0% (0),43.5,40.7,40.0,"{'main': 2468, 'range_min': 1796, 'range_max': 3140}"
#41,pos 4,Io,2978,154,55.2,62.5% 56 +7.3%,13.2,58.7,51.9,0.0% (0),52.6,52.4,80.0,"{'main': 2330, 'range_min': 1701, 'range_max': 2958}"
#42,pos 4,Snapfire,2977,318,48.1,51.3% 119 +3.1%,7.0,48.3,48.0,30.0% (10),50.3,47.0,38.1,"{'main': 2311, 'range_min': 1786, 'range_max': 2836}"
#43,pos 4,Tidehunter,2975,52,36.5,36.0% 25 -0.5%,19.5,33.3,40.0,0.0% (0),56.3,28.6,25.0,"{'main': 2468, 'range_min': 1854, 'range_max': 3082}"
#44,pos 4,Visage,2975,88,39.8,24.2% 33 -15.5%,17.1,42.5,37.5,0.0% (0),43.5,38.2,25.0,"{'main': 2793, 'range_min': 2142, 'range_max': 3444}"
#45,pos 4,Alchemist,2972,117,43.6,41.4% 58 -2.2%,58.6,43.1,44.2,0.0% (0),46.1,45.2,20.0,"{'main': 2953, 'range_min': 2255, 'range_max': 3650}"
#46,pos 4,Enchantress,2971,92,44.6,50.0% 40 +5.4%,7.9,54.2,34.1,0.0% (0),44.6,40.7,55.6,"{'main': 2463, 'range_min': 1958, 'range_max': 2968}"
#47,pos 4,Huskar,2971,84,46.4,31.7% 41 -14.7%,33.1,47.9,44.4,0.0% (0),66.7,38.6,20.0,"{'main': 2861, 'range_min': 2181, 'range_max': 3542}"
#48,pos 4,Marci,2971,551,48.8,46.0% 274 -2.8%,19.5,52.9,44.6,54.5% (22),47.8,52.2,46.2,"{'main': 2281, 'range_min': 1790, 'range_max': 2772}"
#49,pos 4,Windranger,2966,127,43.3,43.8% 48 +0.4%,8.0,44.4,42.5,50.0% (10),42.0,46.9,42.9,"{'main': 2435, 'range_min': 1863, 'range_max': 3006}"
#50,pos 4,Spirit Breaker,2966,952,50.4,49.6% 355 -0.8%,14.5,50.2,50.6,59.0% (166),49.3,52.4,60.0,"{'main': 2434, 'range_min': 2000, 'range_max': 2867}"
#51,pos 4,Timbersaw,2966,81,51.9,64.9% 37 +13.0%,23.1,47.4,55.8,0.0% (0),60.0,45.2,50.0,"{'main': 2706, 'range_min': 1853, 'range_max': 3559}"
#52,pos 4,Venomancer,2961,250,46.0,42.9% 70 -3.1%,21.8,42.4,50.0,58.3% (12),46.2,50.7,30.4,"{'main': 2548, 'range_min': 1930, 'range_max': 3166}"
#53,pos 4,Silencer,2961,428,47.7,47.5% 99 -0.2%,16.5,49.1,46.2,62.5% (32),49.6,46.2,40.0,"{'main': 2322, 'range_min': 1759, 'range_max': 2885}"
#54,pos 4,Gyrocopter,2959,298,47.3,53.7% 149 +6.4%,15.7,47.7,46.9,63.6% (11),45.9,56.7,18.2,"{'main': 2250, 'range_min': 1739, 'range_max': 2761}"
#55,pos 4,Queen of Pain,2958,65,32.3,27.3% 22 -5.0%,35.2,25.8,38.2,0.0% (0),31.0,29.6,44.4,"{'main': 2280, 'range_min': 1773, 'range_max': 2787}"
#56,pos 4,Weaver,2958,295,48.1,46.9% 145 -1.2%,9.2,41.0,54.5,53.8% (13),45.3,56.9,44.4,"{'main': 2582, 'range_min': 1975, 'range_max': 3189}"
#57,pos 4,Morphling,2949,100,42.0,41.3% 63 -0.7%,55.3,48.1,34.8,38.7% (31),40.8,45.0,50.0,"{'main': 2385, 'range_min': 1851, 'range_max': 2920}"
#58,pos 4,Doom,2946,229,45.0,43.8% 112 -1.2%,32.0,53.2,37.3,56.0% (50),45.9,44.4,41.7,"{'main': 2705, 'range_min': 2109, 'range_max': 3301}"
#59,pos 4,Kez,2938,69,30.4,17.9% 28 -12.6%,43.4,33.3,26.7,0.0% (0),39.6,0.0,0.0,"{'main': 2591, 'range_min': 1928, 'range_max': 3255}"
#60,pos 4,Dawnbreaker,2935,204,42.2,36.7% 49 -5.4%,44.0,41.2,43.1,50.0% (14),46.9,35.0,28.6,"{'main': 2484, 'range_min': 1870, 'range_max': 3098}"
#61,pos 4,Earth Spirit,2934,312,44.9,41.2% 102 -3.7%,14.9,44.6,45.2,46.4% (56),46.5,43.9,25.0,"{'main': 2327, 'range_min': 1834, 'range_max': 2821}"
#62,pos 4,Ogre Magi,2933,450,47.8,48.7% 154 +0.9%,37.7,50.9,44.7,0.0% (0),48.7,44.7,47.4,"{'main': 2216, 'range_min': 1765, 'range_max': 2667}"
#63,pos 4,Dark Willow,2923,1583,49.3,47.2% 869 -2.1%,15.6,52.5,45.7,58.3% (302),49.4,48.6,51.1,"{'main': 2377, 'range_min': 1883, 'range_max': 2871}"
#64,pos 4,Lina,2922,264,44.7,47.0% 100 +2.3%,83.8,44.5,44.9,0.0% (0),46.9,31.3,33.3,"{'main': 2439, 'range_min': 1923, 'range_max': 2956}"
#65,pos 4,Magnus,2913,655,47.3,47.2% 345 -0.1%,51.4,47.1,47.5,63.3% (49),47.7,45.5,50.0,"{'main': 2381, 'range_min': 1913, 'range_max': 2848}"
#66,pos 4,Tiny,2904,561,46.9,47.1% 227 +0.3%,36.1,49.1,44.8,67.9% (53),47.3,44.2,53.3,"{'main': 2240, 'range_min': 1778, 'range_max': 2702}"
#67,pos 4,Riki,2896,556,45.7,46.1% 395 +0.4%,8.8,47.1,44.2,53.1% (96),46.7,38.3,53.3,"{'main': 2432, 'range_min': 1878, 'range_max': 2987}"
#68,pos 4,Techies,2894,351,42.7,45.2% 135 +2.5%,8.5,43.3,42.2,64.3% (14),43.1,45.3,26.3,"{'main': 2386, 'range_min': 1860, 'range_max': 2913}"
#69,pos 4,Hoodwink,2891,1074,48.2,47.1% 567 -1.1%,11.8,48.7,47.8,47.8% (113),49.9,41.0,55.8,"{'main': 2333, 'range_min': 1809, 'range_max': 2858}"
#70,pos 4,Nature's Prophet,2874,264,39.8,35.6% 87 -4.1%,11.2,40.5,39.1,58.8% (17),41.5,40.0,22.2,"{'main': 2479, 'range_min': 1951, 'range_max': 3006}"
#71,pos 4,Muerta,2856,2472,48.9,49.0% 1552 +0.0%,20.2,51.3,46.8,56.6% (458),49.7,47.5,36.2,"{'main': 2335, 'range_min': 1870, 'range_max': 2801}"
#72,pos 4,Batrider,2840,1108,46.8,46.3% 732 -0.4%,14.2,47.7,45.8,51.0% (51),46.7,47.8,40.0,"{'main': 2374, 'range_min': 1875, 'range_max': 2874}"
#73,pos 4,Pudge,2756,3432,48.5,48.4% 1356 -0.1%,75.7,49.5,47.5,55.0% (238),48.5,48.9,43.8,"{'main': 2402, 'range_min': 1887, 'range_max': 2917}"
#74,pos 4,Rubick,2726,2207,47.8,46.8% 816 -0.9%,37.9,50.7,44.9,54.8% (146),48.1,47.9,41.2,"{'main': 2329, 'range_min': 1864, 'range_max': 2794}"
#75,pos 4,Anti-Mage,0,18,22.2,22.2% 9 +0.0%,23.6,42.9,9.1,0.0% (0),20.0,18.2,50.0,"{'main': 2274, 'range_min': 1589, 'range_max': 2959}"
#76,pos 4,Axe,0,21,14.3,16.7% 6 +2.4%,24.4,10.0,18.2,0.0% (0),25.0,10.0,0.0,"{'main': 2597, 'range_min': 1843, 'range_max': 3351}"
#77,pos 4,Bloodseeker,0,7,14.3,0.0% 3 -14.3%,37.0,50.0,0.0,0.0% (0),20.0,0.0,0.0,"{'main': 2543, 'range_min': 2431, 'range_max': 2655}"
#78,pos 4,Drow Ranger,0,5,40.0,0.0% 1 -40.0%,15.0,25.0,100.0,0.0% (0),40.0,0.0,0.0,"{'main': 2282, 'range_min': 2015, 'range_max': 2548}"
#79,pos 4,Juggernaut,0,5,40.0,50.0% 4 +10.0%,12.2,50.0,33.3,0.0% (0),50.0,0.0,0.0,"{'main': 1697, 'range_min': 1697, 'range_max': 1697}"
#80,pos 4,Shadow Fiend,0,25,24.0,16.7% 6 -7.3%,16.9,15.4,33.3,0.0% (0),14.3,40.0,0.0,"{'main': 2392, 'range_min': 1836, 'range_max': 2948}"
#81,pos 4,Phantom Lancer,0,1,0.0,0.0% 1 +0.0%,6.1,0.0,0.0,0.0% (0),0.0,0.0,0.0,"{'main': 0, 'range_min': 0, 'range_max': 0}"
#82,pos 4,Puck,0,30,33.3,21.7% 23 -11.6%,38.0,38.9,25.0,0.0% (0),41.2,22.2,25.0,"{'main': 2327, 'range_min': 1930, 'range_max': 2723}"
#83,pos 4,Razor,0,16,62.5,66.7% 3 +4.2%,10.1,62.5,62.5,0.0% (0),50.0,57.1,100.0,"{'main': 2930, 'range_min': 2079, 'range_max': 3782}"
#84,pos 4,Sand King,0,20,40.0,16.7% 12 -23.3%,11.6,44.4,36.4,0.0% (0),41.7,60.0,0.0,"{'main': 2525, 'range_min': 1789, 'range_max': 3260}"
#85,pos 4,Storm Spirit,0,15,33.3,50.0% 4 +16.7%,16.3,37.5,28.6,0.0% (0),50.0,0.0,50.0,"{'main': 2298, 'range_min': 1801, 'range_max': 2795}"
#86,pos 4,Sven,0,11,36.4,40.0% 5 +3.6%,5.7,42.9,25.0,0.0% (0),42.9,33.3,0.0,"{'main': 2506, 'range_min': 1344, 'range_max': 3668}"
#87,pos 4,Kunkka,0,13,23.1,25.0% 4 +1.9%,5.9,0.0,37.5,0.0% (0),25.0,20.0,0.0,"{'main': 2423, 'range_min': 1839, 'range_max': 3006}"
#88,pos 4,Slardar,0,12,33.3,14.3% 7 -19.0%,7.0,0.0,50.0,0.0% (0),33.3,33.3,0.0,"{'main': 2714, 'range_min': 1860, 'range_max': 3568}"
#89,pos 4,Necrophos,0,5,20.0,50.0% 2 +30.0%,7.4,0.0,25.0,0.0% (0),50.0,0.0,0.0,"{'main': 1941, 'range_min': 1683, 'range_max': 2198}"
#90,pos 4,Beastmaster,0,33,30.3,30.0% 20 -0.3%,35.1,23.1,35.0,0.0% (0),57.1,21.7,33.3,"{'main': 3121, 'range_min': 2238, 'range_max': 4004}"
#91,pos 4,Faceless Void,0,19,52.6,60.0% 5 +7.4%,6.5,62.5,45.5,0.0% (0),50.0,100.0,0.0,"{'main': 2149, 'range_min': 1763, 'range_max': 2534}"
#92,pos 4,Wraith King,0,11,36.4,100.0% 3 +63.6%,5.8,40.0,33.3,0.0% (0),75.0,20.0,0.0,"{'main': 2173, 'range_min': 1497, 'range_max': 2848}"
#93,pos 4,Death Prophet,0,14,57.1,42.9% 7 -14.3%,5.8,50.0,62.5,0.0% (0),37.5,83.3,0.0,"{'main': 2114, 'range_min': 1867, 'range_max': 2360}"
#94,pos 4,Phantom Assassin,0,38,31.6,21.4% 14 -10.2%,49.3,36.8,26.3,0.0% (0),39.3,12.5,0.0,"{'main': 2610, 'range_min': 2108, 'range_max': 3113}"
#95,pos 4,Templar Assassin,0,8,37.5,33.3% 3 -4.2%,15.3,0.0,75.0,0.0% (0),100.0,20.0,0.0,"{'main': 2521, 'range_min': 794, 'range_max': 4248}"
#96,pos 4,Viper,0,38,36.8,25.0% 12 -11.8%,10.8,42.1,31.6,0.0% (0),37.5,22.2,58.3,"{'main': 2745, 'range_min': 1749, 'range_max': 3741}"
#97,pos 4,Luna,0,4,25.0,33.3% 3 +8.3%,7.4,0.0,25.0,0.0% (0),33.3,0.0,0.0,"{'main': 2506, 'range_min': 2506, 'range_max': 2506}"
#98,pos 4,Dragon Knight,0,16,43.8,41.7% 12 -2.1%,38.5,27.3,80.0,0.0% (0),63.6,0.0,0.0,"{'main': 3046, 'range_min': 1884, 'range_max': 4207}"
#99,pos 4,Lifestealer,0,5,20.0,33.3% 3 +13.3%,18.3,25.0,0.0,0.0% (0),0.0,100.0,0.0,"{'main': 1626, 'range_min': 1294, 'range_max': 1958}"
#100,pos 4,Dark Seer,0,8,12.5,0.0% 2 -12.5%,6.1,0.0,16.7,0.0% (0),25.0,0.0,0.0,"{'main': 2446, 'range_min': 1755, 'range_max': 3137}"
#101,pos 4,Clinkz,0,44,50.0,42.1% 19 -7.9%,6.0,52.9,48.1,0.0% (0),51.9,46.7,50.0,"{'main': 2587, 'range_min': 2099, 'range_max': 3074}"
#102,pos 4,Omniknight,0,33,63.6,59.1% 22 -4.5%,8.0,72.2,53.3,70.6% (17),63.6,66.7,50.0,"{'main': 1995, 'range_min': 1689, 'range_max': 2301}"
#103,pos 4,Night Stalker,0,40,47.5,55.6% 18 +8.1%,33.7,40.0,55.0,0.0% (0),66.7,40.0,20.0,"{'main': 2799, 'range_min': 1899, 'range_max': 3699}"
#104,pos 4,Broodmother,0,15,20.0,37.5% 8 +17.5%,29.2,20.0,20.0,0.0% (0),16.7,33.3,0.0,"{'main': 2882, 'range_min': 2457, 'range_max': 3307}"
#105,pos 4,Chen,0,31,54.8,56.5% 23 +1.7%,7.0,42.9,64.7,0.0% (0),52.0,66.7,0.0,"{'main': 2300, 'range_min': 1933, 'range_max': 2666}"
#106,pos 4,Spectre,0,14,28.6,57.1% 7 +28.6%,63.6,33.3,20.0,0.0% (0),28.6,28.6,0.0,"{'main': 2172, 'range_min': 1432, 'range_max': 2911}"
#107,pos 4,Ursa,0,9,55.6,50.0% 2 -5.6%,19.6,25.0,80.0,0.0% (0),33.3,100.0,0.0,"{'main': 2544, 'range_min': 2091, 'range_max': 2997}"
#108,pos 4,Outworld Destroyer,0,12,16.7,14.3% 7 -2.4%,11.0,0.0,28.6,0.0% (0),14.3,0.0,50.0,"{'main': 2582, 'range_min': 2183, 'range_max': 2982}"
#109,pos 4,Lycan,0,32,43.8,43.8% 16 +0.0%,35.9,69.2,26.3,0.0% (0),28.6,56.3,50.0,"{'main': 3434, 'range_min': 2299, 'range_max': 4569}"
#110,pos 4,Brewmaster,0,22,27.3,37.5% 8 +10.2%,8.6,15.4,44.4,0.0% (0),30.8,33.3,0.0,"{'main': 2697, 'range_min': 1753, 'range_max': 3641}"
#111,pos 4,Lone Druid,0,6,16.7,33.3% 3 +16.7%,16.1,50.0,0.0,0.0% (0),0.0,33.3,0.0,"{'main': 3229, 'range_min': 2609, 'range_max': 3848}"
#112,pos 4,Chaos Knight,0,5,60.0,66.7% 3 +6.7%,6.3,66.7,50.0,0.0% (0),60.0,0.0,0.0,"{'main': 1662, 'range_min': 1321, 'range_max': 2002}"
#113,pos 4,Meepo,0,12,8.3,0.0% 0 -8.3%,14.7,14.3,0.0,0.0% (0),12.5,0.0,0.0,"{'main': 2834, 'range_min': 1370, 'range_max': 4298}"
#114,pos 4,Treant Protector,0,44,27.3,20.0% 15 -7.3%,6.1,32.0,21.1,0.0% (0),40.0,8.3,14.3,"{'main': 2186, 'range_min': 1754, 'range_max': 2617}"
#115,pos 4,Naga Siren,0,12,33.3,40.0% 5 +6.7%,5.7,33.3,33.3,0.0% (0),30.0,50.0,0.0,"{'main': 1984, 'range_min': 1350, 'range_max': 2617}"
#116,pos 4,Medusa,0,10,30.0,25.0% 4 -5.0%,14.0,50.0,16.7,0.0% (0),0.0,0.0,75.0,"{'main': 2553, 'range_min': 1675, 'range_max': 3430}"
#117,pos 4,Troll Warlord,0,4,75.0,0.0% 1 -75.0%,6.6,100.0,66.7,0.0% (0),66.7,100.0,0.0,"{'main': 3377, 'range_min': 1122, 'range_max': 5633}"
#118,pos 4,Centaur Warrunner,0,15,60.0,75.0% 8 +15.0%,7.8,50.0,63.6,0.0% (0),66.7,40.0,75.0,"{'main': 2801, 'range_min': 1992, 'range_max': 3610}"
#119,pos 4,Legion Commander,0,26,53.8,62.5% 8 +8.7%,25.4,53.8,53.8,0.0% (0),57.1,50.0,57.1,"{'main': 2799, 'range_min': 2234, 'range_max': 3363}"
#120,pos 4,Ember Spirit,0,49,57.1,55.6% 18 -1.6%,17.4,51.9,63.6,0.0% (0),58.6,62.5,25.0,"{'main': 2328, 'range_min': 1776, 'range_max': 2880}"
#121,pos 4,Arc Warden,0,6,33.3,0.0% 1 -33.3%,9.6,66.7,0.0,0.0% (0),33.3,33.3,0.0,"{'main': 2318, 'range_min': 1503, 'range_max': 3134}"
#122,pos 4,Underlord,0,16,87.5,100.0% 7 +12.5%,6.1,80.0,100.0,0.0% (0),100.0,83.3,66.7,"{'main': 3673, 'range_min': 2510, 'range_max': 4836}"
#123,pos 4,Pangolier,0,19,15.8,10.0% 10 -5.8%,13.1,20.0,11.1,0.0% (0),0.0,25.0,20.0,"{'main': 3010, 'range_min': 1804, 'range_max': 4216}"
#124,pos 4,Mars,0,47,46.8,50.0% 18 +3.2%,17.3,72.7,24.0,0.0% (0),52.6,35.0,62.5,"{'main': 2598, 'range_min': 1840, 'range_max': 3356}"
#125,pos 4,Void Spirit,0,15,46.7,25.0% 4 -21.7%,7.7,37.5,57.1,0.0% (0),50.0,50.0,33.3,"{'main': 2211, 'range_min': 1758, 'range_max': 2664}"
#126,pos 4,Primal Beast,0,40,57.5,64.0% 25 +6.5%,9.8,56.0,60.0,75.0% (12),60.0,41.7,100.0,"{'main': 2425, 'range_min': 1907, 'range_max': 2943}"
#1,pos 5,Lich,3784,5860,54.4,53.3% 2749 -1.0%,83.4,56.4,52.4,57.9% (764),54.8,49.5,50.9,"{'main': 2159, 'range_min': 1683, 'range_max': 2634}"
#2,pos 5,Clockwerk,3259,2491,53.5,52.7% 1182 -0.8%,38.1,54.2,52.8,59.0% (293),54.4,50.7,44.0,"{'main': 2191, 'range_min': 1743, 'range_max': 2639}"
#3,pos 5,Disruptor,3160,1459,53.3,51.9% 611 -1.4%,13.0,54.6,52.1,59.2% (331),52.3,57.2,56.1,"{'main': 2030, 'range_min': 1607, 'range_max': 2453}"
#4,pos 5,Pugna,3158,1044,54.1,55.8% 647 +1.7%,14.0,52.9,55.3,57.5% (174),55.1,53.2,26.1,"{'main': 2273, 'range_min': 1764, 'range_max': 2782}"
#5,pos 5,Venomancer,3140,724,55.5,56.6% 290 +1.0%,21.8,54.3,56.8,60.2% (171),56.6,53.3,40.9,"{'main': 2425, 'range_min': 1886, 'range_max': 2965}"
#6,pos 5,Zeus,3138,2051,52.9,54.0% 1201 +1.1%,44.8,53.9,51.8,53.3% (409),53.6,49.3,48.1,"{'main': 2340, 'range_min': 1819, 'range_max': 2861}"
#7,pos 5,Abaddon,3102,1572,52.7,49.8% 604 -2.9%,26.3,54.0,51.5,58.8% (369),52.7,53.0,51.2,"{'main': 2035, 'range_min': 1553, 'range_max': 2518}"
#8,pos 5,Ogre Magi,3079,3838,51.2,50.3% 1929 -0.9%,37.7,53.0,49.3,54.8% (496),51.5,50.4,43.5,"{'main': 2084, 'range_min': 1645, 'range_max': 2524}"
#9,pos 5,Phoenix,3079,1291,52.1,50.7% 738 -1.5%,31.7,51.4,52.8,55.4% (231),52.7,51.8,23.5,"{'main': 2439, 'range_min': 1895, 'range_max': 2982}"
#10,pos 5,Oracle,3062,654,52.0,52.9% 221 +1.0%,9.2,52.6,51.5,50.7% (134),51.5,53.1,52.4,"{'main': 2134, 'range_min': 1685, 'range_max': 2584}"
#11,pos 5,Elder Titan,3058,490,53.3,52.1% 328 -1.1%,8.3,56.0,50.4,59.8% (117),52.5,60.7,41.7,"{'main': 2309, 'range_min': 1859, 'range_max': 2760}"
#12,pos 5,Shadow Shaman,3055,1024,52.2,53.6% 407 +1.3%,19.9,54.2,50.1,53.8% (236),51.7,55.3,48.0,"{'main': 2179, 'range_min': 1705, 'range_max': 2653}"
#13,pos 5,Io,3052,693,52.1,53.8% 286 +1.8%,13.2,50.6,53.6,57.1% (226),51.3,57.6,44.4,"{'main': 2281, 'range_min': 1789, 'range_max': 2773}"
#14,pos 5,Chen,3049,318,54.4,52.7% 222 -1.7%,7.0,57.0,51.6,56.4% (55),53.4,63.0,25.0,"{'main': 2589, 'range_min': 2148, 'range_max': 3029}"
#15,pos 5,Bounty Hunter,3047,478,52.9,53.5% 269 +0.6%,31.2,52.2,53.6,56.1% (41),52.5,55.1,42.9,"{'main': 2361, 'range_min': 1846, 'range_max': 2876}"
#16,pos 5,Winter Wyvern,3036,268,52.6,53.8% 132 +1.2%,9.1,54.6,50.4,63.0% (27),51.0,59.3,50.0,"{'main': 2169, 'range_min': 1765, 'range_max': 2574}"
#17,pos 5,Spirit Breaker,3031,172,55.2,55.6% 81 +0.3%,14.5,57.0,53.5,57.1% (14),55.0,56.1,54.5,"{'main': 2285, 'range_min': 1761, 'range_max': 2809}"
#18,pos 5,Bane,3024,297,52.9,53.1% 128 +0.3%,7.3,57.1,48.2,50.7% (69),52.6,54.7,50.0,"{'main': 2102, 'range_min': 1654, 'range_max': 2550}"
#19,pos 5,Dawnbreaker,3024,100,58.0,49.1% 53 -8.9%,44.0,48.2,70.5,0.0% (0),55.4,70.0,50.0,"{'main': 2299, 'range_min': 1759, 'range_max': 2838}"
#20,pos 5,Tinker,3021,306,52.3,49.7% 177 -2.6%,14.6,53.5,51.0,54.3% (81),54.3,38.0,77.8,"{'main': 2559, 'range_min': 2155, 'range_max': 2964}"
#21,pos 5,Dazzle,3013,197,51.8,55.4% 56 +3.6%,6.6,49.0,54.5,61.9% (21),51.0,55.9,50.0,"{'main': 2313, 'range_min': 1792, 'range_max': 2833}"
#22,pos 5,Doom,3006,70,54.3,62.5% 40 +8.2%,32.0,55.6,52.0,0.0% (0),61.4,40.0,50.0,"{'main': 2718, 'range_min': 2277, 'range_max': 3158}"
#23,pos 5,Bristleback,3004,117,52.1,54.1% 61 +2.0%,30.4,50.0,54.2,0.0% (0),56.5,51.4,30.8,"{'main': 2962, 'range_min': 1806, 'range_max': 4117}"
#24,pos 5,Omniknight,3001,119,52.1,58.5% 41 +6.4%,8.0,47.9,58.3,53.8% (13),53.3,50.0,0.0,"{'main': 2005, 'range_min': 1562, 'range_max': 2447}"
#25,pos 5,Hoodwink,2998,276,49.3,49.3% 140 +0.0%,11.8,49.6,48.9,47.9% (48),51.6,40.4,42.9,"{'main': 2357, 'range_min': 1792, 'range_max': 2923}"
#26,pos 5,Gyrocopter,2995,291,50.5,52.6% 194 +2.1%,15.7,56.0,45.9,46.7% (45),52.7,44.6,33.3,"{'main': 2513, 'range_min': 1557, 'range_max': 3470}"
#27,pos 5,Riki,2986,51,43.1,52.2% 23 +9.0%,8.8,53.8,32.0,0.0% (0),46.4,42.9,0.0,"{'main': 2483, 'range_min': 1861, 'range_max': 3104}"
#28,pos 5,Mirana,2985,74,47.3,43.9% 41 -3.4%,6.7,42.2,55.2,0.0% (0),52.7,35.7,20.0,"{'main': 2594, 'range_min': 1659, 'range_max': 3529}"
#29,pos 5,Snapfire,2983,166,48.2,56.3% 64 +8.1%,7.0,50.0,45.9,0.0% (0),48.3,48.6,40.0,"{'main': 2286, 'range_min': 1772, 'range_max': 2800}"
#30,pos 5,Lina,2981,96,45.8,45.5% 44 -0.4%,83.8,55.3,39.7,0.0% (0),48.8,30.8,33.3,"{'main': 2360, 'range_min': 1868, 'range_max': 2853}"
#31,pos 5,Monkey King,2981,57,43.9,33.3% 18 -10.5%,23.0,48.3,39.3,0.0% (0),33.3,60.0,63.6,"{'main': 3115, 'range_min': 2027, 'range_max': 4202}"
#32,pos 5,Ringmaster,2980,518,49.2,49.3% 219 +0.1%,12.5,53.0,45.8,57.4% (47),48.6,54.2,41.7,"{'main': 2237, 'range_min': 1759, 'range_max': 2715}"
#33,pos 5,Sniper,2977,55,40.0,50.0% 18 +10.0%,20.5,36.0,43.3,63.6% (11),50.0,23.1,0.0,"{'main': 2569, 'range_min': 2012, 'range_max': 3126}"
#34,pos 5,Leshrac,2977,114,45.6,52.4% 63 +6.8%,8.8,36.4,54.2,72.7% (11),41.2,56.0,75.0,"{'main': 2561, 'range_min': 1902, 'range_max': 3219}"
#35,pos 5,Ancient Apparition,2970,411,47.9,40.2% 132 -7.8%,8.4,52.1,43.3,50.0% (44),49.0,45.5,47.4,"{'main': 2061, 'range_min': 1590, 'range_max': 2532}"
#36,pos 5,Skywrath Mage,2966,102,42.2,39.3% 28 -2.9%,7.5,46.3,37.5,0.0% (0),43.2,43.5,20.0,"{'main': 2241, 'range_min': 1745, 'range_max': 2738}"
#37,pos 5,Dark Willow,2965,510,48.4,49.8% 219 +1.3%,15.6,49.8,47.1,63.5% (63),49.0,46.9,43.8,"{'main': 2261, 'range_min': 1766, 'range_max': 2755}"
#38,pos 5,Earthshaker,2964,59,37.3,33.3% 12 -4.0%,43.7,36.4,37.8,0.0% (0),46.2,23.8,41.7,"{'main': 2432, 'range_min': 1949, 'range_max': 2915}"
#39,pos 5,Weaver,2961,109,47.7,51.0% 49 +3.3%,9.2,52.7,42.6,0.0% (0),50.8,34.3,66.7,"{'main': 2766, 'range_min': 2077, 'range_max': 3456}"
#40,pos 5,Slark,2961,125,45.6,43.9% 66 -1.7%,13.0,50.0,40.4,61.5% (26),48.5,40.0,47.4,"{'main': 2793, 'range_min': 2106, 'range_max': 3481}"
#41,pos 5,Marci,2959,964,49.6,48.4% 428 -1.2%,19.5,50.9,48.4,58.8% (51),51.5,46.8,25.8,"{'main': 2235, 'range_min': 1726, 'range_max': 2744}"
#42,pos 5,Techies,2958,190,43.2,37.9% 58 -5.2%,8.5,50.0,36.5,0.0% (0),42.1,47.7,38.5,"{'main': 2437, 'range_min': 1889, 'range_max': 2985}"
#43,pos 5,Shadow Demon,2957,1407,49.7,49.8% 835 +0.1%,29.4,50.3,49.1,58.3% (151),50.6,47.7,44.4,"{'main': 2175, 'range_min': 1735, 'range_max': 2616}"
#44,pos 5,Grimstroke,2955,331,46.8,48.0% 127 +1.2%,7.8,45.8,47.9,31.6% (19),47.7,43.2,50.0,"{'main': 2185, 'range_min': 1756, 'range_max': 2614}"
#45,pos 5,Terrorblade,2947,67,37.3,39.4% 33 +2.1%,15.5,45.2,30.6,0.0% (0),45.5,34.8,18.2,"{'main': 2867, 'range_min': 2039, 'range_max': 3695}"
#46,pos 5,Muerta,2945,267,46.8,46.8% 126 +0.0%,20.2,47.2,46.5,0.0% (0),45.1,48.0,57.9,"{'main': 2288, 'range_min': 1856, 'range_max': 2720}"
#47,pos 5,Vengeful Spirit,2944,248,46.8,54.4% 68 +7.6%,11.1,51.2,42.0,0.0% (0),46.4,46.6,50.0,"{'main': 2238, 'range_min': 1728, 'range_max': 2747}"
#48,pos 5,Treant Protector,2943,236,44.5,42.7% 89 -1.8%,6.1,47.1,41.9,40.0% (30),42.8,53.7,22.2,"{'main': 2152, 'range_min': 1661, 'range_max': 2643}"
#49,pos 5,Kez,2942,66,30.3,43.3% 30 +13.0%,43.4,22.9,38.7,0.0% (0),31.9,35.7,0.0,"{'main': 3066, 'range_min': 2136, 'range_max': 3996}"
#50,pos 5,Rubick,2941,509,48.1,52.4% 210 +4.2%,37.9,49.8,46.6,63.3% (30),49.0,47.2,44.4,"{'main': 2301, 'range_min': 1803, 'range_max': 2798}"
#51,pos 5,Anti-Mage,2932,52,19.2,11.8% 17 -7.5%,23.6,11.1,28.0,0.0% (0),28.6,10.3,31.3,"{'main': 3116, 'range_min': 2339, 'range_max': 3893}"
#52,pos 5,Lion,2932,1567,49.5,49.6% 589 +0.1%,47.3,51.2,47.9,62.6% (107),50.0,48.6,41.7,"{'main': 2172, 'range_min': 1738, 'range_max': 2606}"
#53,pos 5,Jakiro,2930,700,48.9,47.1% 191 -1.7%,11.6,49.7,48.1,47.1% (34),50.1,46.2,43.9,"{'main': 2176, 'range_min': 1712, 'range_max': 2641}"
#54,pos 5,Tiny,2928,64,23.4,19.0% 21 -4.4%,36.1,31.6,11.5,0.0% (0),23.8,18.8,33.3,"{'main': 2221, 'range_min': 1706, 'range_max': 2736}"
#55,pos 5,Nature's Prophet,2921,168,38.1,40.0% 55 +1.9%,11.2,38.0,38.2,21.4% (14),43.9,35.2,12.5,"{'main': 2634, 'range_min': 1909, 'range_max': 3359}"
#56,pos 5,Bloodseeker,2915,90,27.8,26.8% 41 -0.9%,37.0,28.0,27.5,0.0% (0),27.3,25.0,35.3,"{'main': 3389, 'range_min': 2495, 'range_max': 4283}"
#57,pos 5,Undying,2914,945,48.0,43.8% 413 -4.2%,11.4,42.8,53.0,46.2% (119),48.6,43.3,65.0,"{'main': 2322, 'range_min': 1775, 'range_max': 2869}"
#58,pos 5,Huskar,2912,113,35.4,40.4% 47 +5.0%,33.1,38.3,32.1,0.0% (0),37.7,40.5,16.7,"{'main': 2702, 'range_min': 2053, 'range_max': 3352}"
#59,pos 5,Warlock,2906,626,46.6,42.8% 348 -3.8%,7.6,45.7,47.5,51.5% (97),46.5,45.7,58.3,"{'main': 2187, 'range_min': 1687, 'range_max': 2686}"
#60,pos 5,Dragon Knight,2906,105,36.2,38.0% 50 +1.8%,38.5,45.3,26.9,0.0% (0),32.3,37.3,39.1,"{'main': 4063, 'range_min': 3325, 'range_max': 4802}"
#61,pos 5,Crystal Maiden,2904,1452,49.0,50.1% 561 +1.1%,13.3,49.1,48.9,57.3% (164),50.1,46.5,29.7,"{'main': 2108, 'range_min': 1667, 'range_max': 2548}"
#62,pos 5,Morphling,2903,152,33.6,30.9% 55 -2.6%,55.3,34.5,32.3,0.0% (0),25.8,41.4,30.0,"{'main': 3524, 'range_min': 2614, 'range_max': 4433}"
#63,pos 5,Spectre,2902,140,35.7,41.1% 56 +5.4%,63.6,32.0,40.0,0.0% (0),30.0,41.9,25.0,"{'main': 3086, 'range_min': 2202, 'range_max': 3970}"
#64,pos 5,Nyx Assassin,2897,449,44.8,44.9% 205 +0.1%,71.7,51.9,36.7,0.0% (0),42.7,49.5,52.0,"{'main': 2595, 'range_min': 2079, 'range_max': 3110}"
#65,pos 5,Witch Doctor,2893,545,45.9,42.1% 140 -3.7%,15.6,47.6,44.2,61.0% (82),47.6,37.6,44.4,"{'main': 2308, 'range_min': 1809, 'range_max': 2806}"
#66,pos 5,Batrider,2888,589,46.0,46.0% 409 -0.0%,14.2,45.6,46.4,70.0% (20),47.6,42.7,25.0,"{'main': 2293, 'range_min': 1786, 'range_max': 2800}"
#67,pos 5,Magnus,2881,312,41.7,42.9% 133 +1.2%,51.4,42.8,40.4,0.0% (0),44.0,32.3,43.8,"{'main': 2284, 'range_min': 1737, 'range_max': 2831}"
#68,pos 5,Alchemist,2855,255,37.3,33.3% 111 -3.9%,58.6,37.3,37.2,0.0% (0),43.6,31.1,24.0,"{'main': 3812, 'range_min': 2624, 'range_max': 5000}"
#69,pos 5,Phantom Assassin,2853,124,23.4,20.7% 58 -2.7%,49.3,23.9,22.6,0.0% (0),11.6,30.8,25.0,"{'main': 3491, 'range_min': 2599, 'range_max': 4383}"
#70,pos 5,Enchantress,2832,448,41.7,42.0% 283 +0.3%,7.9,45.0,38.6,55.0% (20),41.0,44.7,42.9,"{'main': 2282, 'range_min': 1801, 'range_max': 2763}"
#71,pos 5,Tusk,2823,1152,46.7,44.5% 490 -2.2%,17.3,47.8,45.8,52.8% (108),48.3,42.5,44.9,"{'main': 2194, 'range_min': 1778, 'range_max': 2611}"
#72,pos 5,Silencer,2784,917,44.9,44.5% 310 -0.4%,16.5,46.8,42.9,53.3% (92),44.6,45.2,47.2,"{'main': 2208, 'range_min': 1711, 'range_max': 2705}"
#73,pos 5,Pudge,2579,2094,46.0,47.3% 858 +1.3%,75.7,47.2,44.5,47.4% (78),46.0,46.6,41.7,"{'main': 2363, 'range_min': 1833, 'range_max': 2893}"
#74,pos 5,Axe,0,10,40.0,0.0% 2 -40.0%,24.4,60.0,20.0,0.0% (0),50.0,25.0,0.0,"{'main': 2483, 'range_min': 2105, 'range_max': 2861}"
#75,pos 5,Drow Ranger,0,29,20.7,0.0% 8 -20.7%,15.0,21.4,20.0,0.0% (0),20.0,7.1,40.0,"{'main': 3602, 'range_min': 2737, 'range_max': 4466}"
#76,pos 5,Juggernaut,0,18,22.2,14.3% 7 -7.9%,12.2,28.6,18.2,0.0% (0),0.0,22.2,50.0,"{'main': 3269, 'range_min': 2114, 'range_max': 4425}"
#77,pos 5,Shadow Fiend,0,34,38.2,18.2% 11 -20.1%,16.9,47.1,29.4,0.0% (0),53.8,31.3,20.0,"{'main': 3208, 'range_min': 2134, 'range_max': 4281}"
#78,pos 5,Phantom Lancer,0,10,10.0,16.7% 6 +6.7%,6.1,0.0,14.3,0.0% (0),16.7,0.0,0.0,"{'main': 3223, 'range_min': 2698, 'range_max': 3747}"
#79,pos 5,Puck,0,10,40.0,42.9% 7 +2.9%,38.0,20.0,60.0,0.0% (0),50.0,50.0,0.0,"{'main': 2302, 'range_min': 2227, 'range_max': 2376}"
#80,pos 5,Razor,0,14,7.1,12.5% 8 +5.4%,10.1,16.7,0.0,0.0% (0),20.0,0.0,0.0,"{'main': 3245, 'range_min': 2217, 'range_max': 4273}"
#81,pos 5,Sand King,0,5,40.0,100.0% 1 +60.0%,11.6,0.0,66.7,0.0% (0),25.0,100.0,0.0,"{'main': 2594, 'range_min': 2165, 'range_max': 3024}"
#82,pos 5,Storm Spirit,0,9,33.3,33.3% 3 +0.0%,16.3,16.7,66.7,0.0% (0),40.0,50.0,0.0,"{'main': 2735, 'range_min': 2293, 'range_max': 3177}"
#83,pos 5,Sven,0,35,65.7,85.0% 20 +19.3%,5.7,70.6,61.1,0.0% (0),63.6,66.7,75.0,"{'main': 2383, 'range_min': 1652, 'range_max': 3114}"
#84,pos 5,Windranger,0,52,42.3,39.1% 23 -3.2%,8.0,40.0,44.4,0.0% (0),40.0,66.7,0.0,"{'main': 2517, 'range_min': 1935, 'range_max': 3099}"
#85,pos 5,Kunkka,0,7,42.9,0.0% 1 -42.9%,5.9,100.0,33.3,0.0% (0),40.0,50.0,0.0,"{'main': 2025, 'range_min': 1751, 'range_max': 2300}"
#86,pos 5,Slardar,0,8,62.5,75.0% 4 +12.5%,7.0,60.0,66.7,0.0% (0),71.4,0.0,0.0,"{'main': 2442, 'range_min': 2268, 'range_max': 2617}"
#87,pos 5,Tidehunter,0,22,31.8,33.3% 6 +1.5%,19.5,46.2,11.1,0.0% (0),35.7,25.0,0.0,"{'main': 2192, 'range_min': 1761, 'range_max': 2622}"
#88,pos 5,Enigma,0,41,53.7,39.1% 23 -14.5%,14.9,52.0,56.3,0.0% (0),53.3,62.5,33.3,"{'main': 2784, 'range_min': 2259, 'range_max': 3309}"
#89,pos 5,Necrophos,0,8,25.0,0.0% 2 -25.0%,7.4,50.0,0.0,0.0% (0),20.0,33.3,0.0,"{'main': 2460, 'range_min': 1723, 'range_max': 3197}"
#90,pos 5,Beastmaster,0,13,30.8,44.4% 9 +13.7%,35.1,33.3,25.0,0.0% (0),33.3,50.0,0.0,"{'main': 3231, 'range_min': 2367, 'range_max': 4094}"
#91,pos 5,Queen of Pain,0,20,10.0,0.0% 8 -10.0%,35.2,14.3,0.0,0.0% (0),22.2,0.0,0.0,"{'main': 2479, 'range_min': 1804, 'range_max': 3154}"
#92,pos 5,Faceless Void,0,18,27.8,50.0% 6 +22.2%,6.5,20.0,30.8,0.0% (0),36.4,16.7,0.0,"{'main': 2112, 'range_min': 1534, 'range_max': 2689}"
#93,pos 5,Wraith King,0,24,37.5,45.5% 11 +8.0%,5.8,50.0,31.3,0.0% (0),46.2,14.3,50.0,"{'main': 3164, 'range_min': 2270, 'range_max': 4058}"
#94,pos 5,Death Prophet,0,12,58.3,50.0% 8 -8.3%,5.8,33.3,83.3,0.0% (0),70.0,0.0,0.0,"{'main': 2437, 'range_min': 1744, 'range_max': 3130}"
#95,pos 5,Templar Assassin,0,37,29.7,7.7% 13 -22.0%,15.3,35.0,23.5,0.0% (0),20.0,35.3,30.0,"{'main': 3738, 'range_min': 2912, 'range_max': 4565}"
#96,pos 5,Viper,0,14,57.1,33.3% 6 -23.8%,10.8,28.6,85.7,0.0% (0),50.0,75.0,50.0,"{'main': 2869, 'range_min': 1981, 'range_max': 3758}"
#97,pos 5,Luna,0,16,50.0,66.7% 3 +16.7%,7.4,50.0,50.0,0.0% (0),100.0,62.5,28.6,"{'main': 3692, 'range_min': 2734, 'range_max': 4649}"
#98,pos 5,Lifestealer,0,26,30.8,22.2% 9 -8.5%,18.3,23.5,44.4,0.0% (0),20.0,33.3,33.3,"{'main': 3402, 'range_min': 2702, 'range_max': 4103}"
#99,pos 5,Dark Seer,0,3,33.3,100.0% 1 +66.7%,6.1,33.3,0.0,0.0% (0),0.0,50.0,0.0,"{'main': 2061, 'range_min': 1829, 'range_max': 2293}"
#100,pos 5,Clinkz,0,17,47.1,50.0% 2 +2.9%,6.0,60.0,28.6,0.0% (0),45.5,100.0,25.0,"{'main': 2773, 'range_min': 2000, 'range_max': 3545}"
#101,pos 5,Night Stalker,0,16,31.3,12.5% 8 -18.8%,33.7,25.0,37.5,0.0% (0),36.4,25.0,0.0,"{'main': 2570, 'range_min': 1824, 'range_max': 3316}"
#102,pos 5,Broodmother,0,11,45.5,33.3% 6 -12.1%,29.2,57.1,25.0,0.0% (0),0.0,57.1,50.0,"{'main': 3707, 'range_min': 2565, 'range_max': 4848}"
#103,pos 5,Ursa,0,32,31.3,27.3% 11 -4.0%,19.6,26.7,35.3,0.0% (0),0.0,33.3,35.7,"{'main': 3822, 'range_min': 2595, 'range_max': 5049}"
#104,pos 5,Invoker,0,26,30.8,50.0% 10 +19.2%,37.0,25.0,40.0,0.0% (0),40.0,25.0,0.0,"{'main': 2386, 'range_min': 1962, 'range_max': 2810}"
#105,pos 5,Outworld Destroyer,0,6,33.3,50.0% 2 +16.7%,11.0,0.0,66.7,0.0% (0),50.0,0.0,0.0,"{'main': 2857, 'range_min': 1655, 'range_max': 4059}"
#106,pos 5,Lycan,0,27,33.3,37.5% 16 +4.2%,35.9,35.3,30.0,0.0% (0),45.0,0.0,0.0,"{'main': 2787, 'range_min': 1956, 'range_max': 3617}"
#107,pos 5,Brewmaster,0,11,18.2,0.0% 4 -18.2%,8.6,20.0,16.7,0.0% (0),14.3,25.0,0.0,"{'main': 1927, 'range_min': 1681, 'range_max': 2173}"
#108,pos 5,Lone Druid,0,12,16.7,12.5% 8 -4.2%,16.1,0.0,22.2,0.0% (0),33.3,0.0,0.0,"{'main': 2752, 'range_min': 2200, 'range_max': 3303}"
#109,pos 5,Chaos Knight,0,11,27.3,33.3% 3 +6.1%,6.3,28.6,25.0,0.0% (0),14.3,66.7,0.0,"{'main': 3233, 'range_min': 1948, 'range_max': 4518}"
#110,pos 5,Meepo,0,10,20.0,0.0% 4 -20.0%,14.7,25.0,16.7,0.0% (0),20.0,0.0,50.0,"{'main': 3048, 'range_min': 2416, 'range_max': 3681}"
#111,pos 5,Naga Siren,0,27,22.2,18.2% 11 -4.0%,5.7,28.6,15.4,0.0% (0),29.4,0.0,20.0,"{'main': 2301, 'range_min': 1856, 'range_max': 2746}"
#112,pos 5,Keeper of the Light,0,47,38.3,45.5% 22 +7.2%,8.1,34.8,41.7,0.0% (0),43.2,12.5,50.0,"{'main': 2405, 'range_min': 1908, 'range_max': 2902}"
#113,pos 5,Visage,0,42,57.1,76.9% 13 +19.8%,17.1,57.1,57.1,0.0% (0),57.6,57.1,50.0,"{'main': 2630, 'range_min': 1950, 'range_max': 3311}"
#114,pos 5,Medusa,0,27,18.5,25.0% 12 +6.5%,14.0,33.3,0.0,0.0% (0),22.2,10.0,25.0,"{'main': 3456, 'range_min': 2369, 'range_max': 4543}"
#115,pos 5,Troll Warlord,0,15,46.7,66.7% 3 +20.0%,6.6,50.0,44.4,0.0% (0),55.6,40.0,0.0,"{'main': 3476, 'range_min': 2579, 'range_max': 4372}"
#116,pos 5,Centaur Warrunner,0,10,50.0,60.0% 5 +10.0%,7.8,55.6,0.0,0.0% (0),50.0,50.0,0.0,"{'main': 2660, 'range_min': 2042, 'range_max': 3278}"
#117,pos 5,Timbersaw,0,41,29.3,38.5% 26 +9.2%,23.1,20.0,38.1,40.0% (10),26.9,41.7,0.0,"{'main': 2296, 'range_min': 1794, 'range_max': 2797}"
#118,pos 5,Legion Commander,0,19,63.2,66.7% 9 +3.5%,25.4,64.3,60.0,0.0% (0),55.6,66.7,75.0,"{'main': 3591, 'range_min': 2494, 'range_max': 4687}"
#119,pos 5,Ember Spirit,0,18,50.0,50.0% 10 +0.0%,17.4,44.4,55.6,0.0% (0),54.5,40.0,50.0,"{'main': 2315, 'range_min': 1570, 'range_max': 3059}"
#120,pos 5,Earth Spirit,0,37,40.5,66.7% 12 +26.1%,14.9,27.8,52.6,0.0% (0),36.0,60.0,0.0,"{'main': 2321, 'range_min': 1537, 'range_max': 3106}"
#121,pos 5,Arc Warden,0,7,28.6,50.0% 4 +21.4%,9.6,100.0,16.7,0.0% (0),33.3,0.0,0.0,"{'main': 2220, 'range_min': 2012, 'range_max': 2428}"
#122,pos 5,Underlord,0,3,0.0,0.0% 1 +0.0%,6.1,0.0,0.0,0.0% (0),0.0,0.0,0.0,"{'main': 1818, 'range_min': 1599, 'range_max': 2037}"
#123,pos 5,Pangolier,0,7,14.3,16.7% 6 +2.4%,13.1,0.0,50.0,0.0% (0),33.3,0.0,0.0,"{'main': 1604, 'range_min': 1604, 'range_max': 1604}"
#124,pos 5,Mars,0,15,53.3,60.0% 5 +6.7%,17.3,50.0,57.1,0.0% (0),62.5,60.0,0.0,"{'main': 2450, 'range_min': 1354, 'range_max': 3546}"
#125,pos 5,Void Spirit,0,10,10.0,0.0% 2 -10.0%,7.7,25.0,0.0,0.0% (0),16.7,0.0,0.0,"{'main': 2564, 'range_min': 1719, 'range_max': 3408}"
#126,pos 5,Primal Beast,0,17,35.3,25.0% 8 -10.3%,9.8,33.3,37.5,0.0% (0),22.2,40.0,66.7,"{'main': 3057, 'range_min': 1854, 'range_max': 4261}"
